noun,semantic role,gpt3-davinci_acc,gpt3-davinci_avg_LL_delta,gpt3-babbage_acc,gpt3-babbage_avg_LL_delta,text-davinci-001_acc,text-davinci-001_avg_LL_delta,bloom-1b1_acc,bloom-1b1_avg_LL_delta,bloom-3b_acc,bloom-3b_avg_LL_delta,gpt2-x_acc,gpt2-x_avg_LL_delta,bloom-560m_acc,bloom-560m_avg_LL_delta,gpt3-ada_acc,gpt3-ada_avg_LL_delta,gpt3-curie_acc,gpt3-curie_avg_LL_delta,text-davinci-003_acc,text-davinci-003_avg_LL_delta,gpt2-medium_acc,gpt2-medium_avg_LL_delta,gpt2-xl_acc,gpt2-xl_avg_LL_delta,bloom-1b7_acc,bloom-1b7_avg_LL_delta,text-ada-001_acc,text-ada-001_avg_LL_delta,gpt2-large_acc,gpt2-large_avg_LL_delta,text-curie-001_acc,text-curie-001_avg_LL_delta,text-babbage-001_acc,text-babbage-001_avg_LL_delta,bloom-7b1_acc,bloom-7b1_avg_LL_delta
abstract,patient,1.0,-1.908965965,1.0,-1.9181338,1.0,-2.2171556025,0.0,0.28125,1.0,-2.09393310546875,0.5,0.0121994018554687,1.0,-0.9998779296875,1.0,-3.39966368,1.0,-0.813883825,1.0,-17.6859700538,1.0,-1.9515838101506235,1.0,-2.2259760200977325,0.0,0.265625,1.0,-3.9699205835,1.0,-0.4287920296192168,1.0,-2.097584487,0.0,0.67698247,0.5,0.03125
actor,agent,0.0,-0.6317995299999999,0.0,-1.35586727,1.0,7.879047061,1.0,0.484375,0.0,-1.5782470703125,1.0,2.0531386584043503,0.0,-0.99951171875,0.0,-2.1548231,0.0,-0.6826362800000001,1.0,15.3512479826,0.0,-1.2011719048023224,0.0,-1.6922407448291772,1.0,0.40625,1.0,3.248017335,1.0,0.9808883666992188,0.0,-1.91013129,0.0,-1.33744621,1.0,0.296875
aircraft,patient,1.0,-1.0852314933333334,1.0,-2.20015383,0.0,5.7401747641666665,0.0,0.9010416666666666,1.0,-1.4372151692708333,0.0,0.7566553751627604,1.0,-1.25,1.0,-4.251926173333334,1.0,-0.9292876133333332,0.0,8.7394615327,1.0,-1.83876034617424,1.0,-2.0621302376190824,1.0,-0.4375813802083333,0.3333333333333333,1.09893381,1.0,-0.3951826095581054,1.0,-2.2292957766666666,1.0,-1.435061666666667,0.0,0.3645833333333333
album,patient,1.0,-2.02630944,1.0,-1.8750538866666664,0.0,2.505979169333333,0.0,0.1875,1.0,-1.8122965494791667,0.0,1.0067520042260487,1.0,-1.1665852864583333,1.0,-5.229263424,1.0,-0.84035559,1.0,-16.52152546426667,1.0,-2.0219217538833623,1.0,-2.006601611773173,1.0,-1.0311686197916667,1.0,-5.789025733999999,0.0,0.2403507232666014,1.0,-2.9683702933333334,1.0,-1.348822813333333,0.0,0.28125
animal,patient,1.0,-2.27235301,1.0,-2.2532958675000003,0.0,1.896030817,0.0,0.3359375,1.0,-2.124176025390625,1.0,-0.3919410705566406,1.0,-1.50018310546875,1.0,-5.2506123,1.0,-0.467501695,1.0,-17.7249037748,1.0,-1.7690163403749462,1.0,-1.9805360361933708,1.0,-0.4217529296875,1.0,-8.844712226350001,1.0,-0.4669704735279083,1.0,-2.520708875,1.0,-3.6297873,0.0,0.09375
announcer,agent,0.0,-0.82663633,0.0,-1.49338036,1.0,9.3957668487,0.0,-0.0703125,0.0,-1.42193603515625,1.0,1.6234436333179472,0.0,-0.25,0.0,-1.67943565,0.0,-0.724486295,1.0,14.30850970458,0.0,-0.9197082668542862,0.0,-1.88471519201994,1.0,0.421875,1.0,4.09968301,0.5,0.0195727348327636,0.0,-1.797808475,0.0,-2.7259624375,1.0,0.5389404296875
artisan,agent,1.0,0.3750946025,0.0,-1.30104888,1.0,8.7470920001,0.0,-0.2890625,0.0,-1.316436767578125,1.0,1.4386100769042969,0.0,-1.1873779296875,0.0,-2.69910542,0.0,-0.94023371,1.0,13.950384342675,0.0,-1.3582934886217115,0.0,-2.25245431996882,1.0,0.40625,0.75,1.0901418825,1.0,0.7424709647893906,0.0,-2.8162440415,0.0,-3.0287554092500004,1.0,0.7421875
artist,agent,0.25,-0.375109305,0.0,-1.6074337975,1.0,6.7165640262,0.75,0.046875,0.0,-1.4962158203125,0.5,0.0974597930908203,0.0,-1.874786376953125,0.0,-2.5275486000000003,0.0,-0.7979926700000002,1.0,15.097250895435,0.0,-1.567455280572176,0.0,-1.7739839926362038,1.0,0.39837646484375,1.0,2.156103625,1.0,0.7846779748797417,0.0,-2.9247082200000003,0.0,-3.8702003425,1.0,0.40625
author,agent,0.5,-0.024309665,0.0,-1.55935476,1.0,9.38603417035,1.0,0.5626220703125,0.0,-1.593505859375,1.0,0.6074867248535156,0.0,-1.25,0.0,-1.907806335,0.0,-0.43148705,1.0,15.392071776775,0.0,-0.5053023993968964,0.0,-1.16012142598629,1.0,0.5941162109375,1.0,0.74994815,1.0,1.343556858599186,0.0,-3.051753878,0.0,-1.82570259,1.0,0.7738037109375
aviator,agent,0.3333333333333333,-0.2397571933333333,0.0,-1.34878021,1.0,7.347841161333332,1.0,0.8855794270833334,0.0,-0.77099609375,1.0,1.3146693507830305,0.0,-1.3332926432291667,0.0,-3.3231017883333336,0.0,-0.6259937166666667,1.0,15.3368908208,0.0,-2.109481781721115,0.0,-1.9027478744586308,1.0,0.5208333333333334,0.6666666666666666,0.5072764533333333,1.0,0.4911279777685801,0.0,-2.3624293716666664,0.0,-1.4296991433333333,1.0,0.578125
backpack,patient,1.0,-2.20814899,1.0,-2.4727411230000005,0.5,0.78573693,0.0,0.0625,1.0,-1.9378662109375,0.0,0.7375907897949218,1.0,-1.75030517578125,1.0,-4.510156424,1.0,-1.1876658999999998,0.0,4.5810700123,1.0,-2.494110140949488,1.0,-2.1639236994087696,1.0,-0.765869140625,1.0,-2.293054263,1.0,-1.386113628745079,1.0,-2.408160167,1.0,-2.1522303450000004,0.0,0.3203125
backpacker,agent,0.0,-1.736466815,0.0,-1.96781342,1.0,1.64220452,1.0,0.1484375,0.0,-1.49200439453125,1.0,0.8522262573242189,0.0,-1.62530517578125,0.0,-3.442690203,0.0,-0.99347395,1.0,12.120516347075,0.0,-1.5490723103284836,0.0,-2.165374767035246,1.0,0.234375,0.5,-0.260140445,0.5,-0.174077033996582,0.0,-3.06500141,0.0,-3.7414931425,1.0,0.3046875
bag,patient,1.0,-2.72228681,1.0,-2.664559275,0.0,0.969231855,1.0,-0.078125,1.0,-2.17974853515625,0.0,0.3937950134277342,1.0,-1.375244140625,1.0,-5.988608340999999,1.0,-1.08812996,1.0,-3.49778669865,1.0,-2.4479599595069885,1.0,-2.3629860766232014,1.0,-1.015380859375,1.0,-5.9622506205,1.0,-1.9175462573766708,1.0,-2.4308184375,1.0,-2.480579415,0.0,0.390625
baker,agent,0.5,-0.2527332283333333,0.0,-2.1321391333333337,1.0,4.425256963816667,0.1666666666666666,-0.09375,0.0,-1.3409016927083333,1.0,1.2449022978544235,0.0,-1.2500813802083333,0.0,-4.645031384333333,0.0,-0.80658847,1.0,15.136790425491668,0.0,-1.3837814082702,0.0,-2.396867476403713,1.0,0.3177083333333333,0.0,-3.542070298666667,1.0,1.0794272447625797,0.0,-3.92694908525,0.0,-4.1582123871666665,0.8333333333333334,0.3020426432291667
barber,agent,0.5714285714285714,-0.1030849942857143,0.0,-1.6579758314285713,1.0,9.338817305771428,0.0,-0.571533203125,0.0,-1.5802699497767858,1.0,0.4215490903173174,0.0,-1.0713239397321428,0.0,-3.5250786742857136,0.0,-0.8720488114285715,1.0,15.05292738945714,0.0,-0.5981183648109436,0.0,-1.5925373286008837,0.8571428571428571,0.0892857142857142,0.7142857142857143,1.3698211014285715,0.8571428571428571,0.7421790446553912,0.0,-2.4440826194285714,0.0,-3.653182829857143,0.8571428571428571,0.3593401227678571
basket,patient,1.0,-2.24386351,1.0,-2.8667972275,0.0,1.0036801,1.0,-0.1953125,1.0,-2.39813232421875,0.0,0.8146781623363495,1.0,-1.74993896484375,1.0,-5.7562562455,1.0,-1.1214771250000002,1.0,-10.366742250615,1.0,-2.3010940626263614,1.0,-3.023447969928384,1.0,-0.9998779296875,1.0,-5.4491257165,1.0,-1.387279003858566,1.0,-2.913211925,1.0,-2.5847448,0.0,0.3203125
beard,patient,1.0,-1.78329514,1.0,-2.338971328,0.0,4.608746995333333,1.0,-0.1875,1.0,-1.8226318359375,1.0,-0.578582763671875,1.0,-1.083251953125,1.0,-5.263947782333333,1.0,-1.0141073033333334,1.0,-16.719552782000004,1.0,-2.025960286458333,1.0,-2.4334710712234178,1.0,-0.5935872395833334,1.0,-2.359363782666667,0.6666666666666666,-0.1143875122070312,1.0,-3.162127213666667,1.0,-3.7311224406666663,0.0,0.1614583333333333
bedding,patient,1.0,-2.002790256,1.0,-2.16710312,0.4,0.839321108,0.6,-0.090625,1.0,-1.93447265625,0.0,1.85890731215477,1.0,-1.05,1.0,-4.1351517336,1.0,-1.337246254,1.0,-17.49986120474,1.0,-1.081097400188446,1.0,-2.113796764612198,1.0,-0.412548828125,0.8,-0.5728183600000001,0.0,0.8467807829380035,1.0,-3.5283693788,1.0,-1.230128872,0.6,-0.10625
bike,patient,1.0,-1.8965759575,1.0,-2.2374801627500003,0.25,0.2561867475,0.0,0.125,1.0,-2.2966766357421875,1.0,-0.2408313751220702,1.0,-0.68743896484375,1.0,-4.7438639965,1.0,-0.8310341750000001,1.0,-13.12675770817,1.0,-2.702140836045146,1.0,-1.8006672486662867,1.0,-0.4453125,0.5,-0.31146027,0.5,-0.0055506229400634,1.0,-3.7575879555,1.0,-2.382783688,0.25,0.1796875
blanket,patient,1.0,-2.10388297,1.0,-2.866734265,0.5,-0.4921210649999999,1.0,-0.234375,1.0,-2.03204345703125,0.0,1.4921264499425888,1.0,-1.25,1.0,-4.1989688935,1.0,-1.41688023,1.0,-17.9694384748,1.0,-1.5098266750574112,1.0,-2.2718076147139072,1.0,-0.7344970703125,1.0,-4.87330361525,1.0,-0.7719864845275878,1.0,-4.3416829295,1.0,-1.9008111075,0.0,0.234375
blogger,agent,0.5,-0.1447079,0.0,-1.8614969,1.0,8.60065102055,1.0,0.421875,0.0,-1.1796875,1.0,1.4044113457202916,0.0,-0.874755859375,0.0,-2.77241593,0.0,-0.8093871850000001,1.0,15.2347016492,0.0,-1.1945037841796875,0.0,-1.4833240285515783,1.0,0.609130859375,0.0,-3.0175318100000004,1.0,0.3659801483154297,0.0,-2.6706570075,0.0,-3.7991504465,1.0,0.8206787109375
board,patient,1.0,-0.96374966,1.0,-1.8730837625,0.0,5.348241775750001,1.0,-0.16015625,1.0,-2.378997802734375,1.0,-0.6609268188476562,1.0,-1.06231689453125,1.0,-4.6958415145,1.0,-1.2042222625,0.25,3.612948591375,1.0,-1.7999458350241184,1.0,-2.0623121205717325,1.0,-0.92950439453125,0.75,-1.8583165982500005,0.75,-0.2260294109582901,1.0,-2.582527658,1.0,-3.07407471175,0.25,0.10546875
book,patient,1.0,-1.8290161366666664,1.0,-1.7840168966666667,0.0,3.636830368,0.0,0.4009602864583333,1.0,-2.1195475260416665,0.0,0.8835500081380209,1.0,-1.333251953125,1.0,-3.491080428333333,1.0,-0.55077741,1.0,-16.00691571315,1.0,-0.5679575204849243,1.0,-1.4535468518733978,1.0,-0.3541666666666667,1.0,-2.163058496666667,0.0,1.5314248204231262,1.0,-2.7461684086666662,1.0,-0.6652679066666667,0.0,0.296875
bottle,patient,1.0,-1.78746338,1.0,-2.588402575,0.0,0.8755655849999999,0.0,0.1015625,1.0,-1.79656982421875,0.0,1.1824378669261932,1.0,-1.000244140625,1.0,-4.1573906915,1.0,-0.995758095,1.0,-17.377103518425,1.0,-2.1049346774816518,1.0,-2.324416723102331,1.0,-0.9691162109375,0.5,-0.62106788,0.0,0.2290711402893065,1.0,-2.903022012,1.0,-1.51228434,0.0,0.4140625
bowl,patient,1.0,-2.07735699,1.0,-2.905964532,0.5,-0.383980985,1.0,-0.1484375,1.0,-2.304656982421875,0.0,1.319110870361328,1.0,-1.2503662109375,1.0,-4.509214427,1.0,-1.1900138649999998,1.0,-16.268518106450003,1.0,-2.5645065009593964,1.0,-2.7669076956808567,1.0,-1.0465087890625,0.5,-0.5240506,1.0,-0.6000909954309464,1.0,-3.403518709,1.0,-1.318184835,0.0,0.3203125
bread,patient,1.0,-1.9518814733333336,1.0,-2.440527683333334,1.0,-0.4985815866666666,0.3333333333333333,0.015625,1.0,-1.8802083333333333,0.0,0.3212432861328125,1.0,-1.3336181640625,1.0,-5.729713872333334,1.0,-1.3028430666666668,1.0,-15.123701616533332,1.0,-2.558369897305965,1.0,-2.3905191297332444,1.0,-0.3958333333333333,1.0,-9.166195463566666,1.0,-0.1130990982055663,1.0,-5.125490498133334,1.0,-3.345332886333333,0.3333333333333333,0.125
broadcaster,agent,0.0,-0.56267643,0.0,-2.205843773,1.0,6.8091206384,0.0,-0.0546875,0.0,-1.50006103515625,1.0,1.687622055411339,0.0,-0.8746337890625,0.0,-1.88656903,0.0,-0.685165515,1.0,14.2042547355,0.0,-1.3740157932043076,0.0,-2.08494183793664,1.0,0.531494140625,0.5,-0.2322826249999999,1.0,0.1159777641296386,0.0,-2.2212967875,0.0,-3.602918679,1.0,0.6563720703125
building,patient,1.0,-1.6854149,1.0,-1.800816805,0.0,3.168775101,0.0,0.140625,1.0,-2.430450439453125,0.0,0.79693703353405,0.0,0.25,1.0,-3.025735275,1.0,-1.02544589,1.0,-16.949316768499997,1.0,-1.0742741078138351,1.0,-2.4938921444118023,0.0,0.640380859375,0.5,-0.6636921499999999,1.0,-0.5421729087829591,1.0,-1.85371741,1.0,-0.842352925,0.0,0.140625
bus,patient,1.0,-1.8517330233333336,1.0,-2.04595319,0.0,5.082029295533333,0.0,0.234375,1.0,-1.82763671875,0.0,0.4358444015185037,1.0,-0.4999186197916667,1.0,-4.530480500333333,1.0,-1.1267630066666667,0.0,13.100381255986669,1.0,-2.329650883873304,1.0,-2.1703965117534003,1.0,-0.0625,1.0,-1.94569458,0.3333333333333333,0.4533488055070241,1.0,-3.2669758973333334,1.0,-1.6275099666666666,0.0,0.1354166666666666
busboy,agent,0.0,-1.147744732,0.0,-1.9739157740000004,1.0,6.67653128398,0.2,-0.175,0.0,-1.3218017578125,1.0,0.5913238525390625,0.0,-1.0501953125,0.0,-3.514388012,0.0,-0.92836536,1.0,12.7049021267,0.0,-2.808926425874233,0.0,-1.7247426986694336,1.0,0.424951171875,0.4,-0.302367816,1.0,1.26337374150753,0.0,-2.835110195,0.0,-3.3720767706,0.8,0.153125
businessman,agent,0.0,-0.6364570333333334,0.0,-1.3796554066666669,1.0,10.419057306433332,1.0,0.5523274739583334,0.0,-0.9635416666666666,1.0,1.1210225423177085,0.0,-0.7495930989583334,1.0,1.7543184,0.0,-1.0826047433333337,1.0,15.224563124613336,0.0,-0.9617716073989868,0.0,-1.3986396839221318,1.0,0.2395833333333333,1.0,1.0218600999999998,1.0,1.6782712936401367,0.0,-1.9923456333333331,0.0,-0.9909114733333334,1.0,0.7657063802083334
businesswoman,agent,1.0,0.2755517999999999,0.0,-1.59190117,1.0,9.835968400266664,1.0,0.3697916666666667,0.0,-0.9478352864583334,1.0,1.6680908103783925,0.0,-0.8335774739583334,0.0,-1.358070296666667,0.0,-0.7549559833333334,1.0,15.344685571166666,0.0,-1.3596394956111908,0.0,-1.4898013720909755,1.0,0.46875,0.0,-2.551195733333333,1.0,1.3427467743555703,0.0,-1.8761722833333332,0.0,-2.09560337,1.0,0.5780436197916666
butcher,agent,0.5,0.2950566725,0.0,-2.054207705,1.0,8.8182510912,0.0,-0.32421875,0.0,-1.33587646484375,1.0,0.2346820831298828,0.0,-1.187408447265625,0.0,-4.509704167500001,0.0,-0.8171314925,1.0,14.33964590235,0.0,-1.6703147888183594,0.0,-2.07651755400002,0.5,0.046875,1.0,1.32655249,0.75,0.3688385635614395,0.0,-2.5519348275,0.0,-3.4263340172500003,1.0,0.39447021484375
cake,patient,1.0,-2.3549045886666664,1.0,-2.5453542866666665,1.0,-1.089166,1.0,-0.3072916666666667,1.0,-2.0467529296875,0.0,0.5101318359375,1.0,-1.4999186197916667,1.0,-5.969645511,1.0,-1.6163120399999995,1.0,-11.048420079316664,1.0,-2.7081552917758622,1.0,-2.7206236521402998,1.0,-0.6875,1.0,-8.34521991026,1.0,-0.5558554033438365,1.0,-5.795646636433332,1.0,-3.894721729333334,0.3333333333333333,0.171875
cameraman,agent,0.0,-0.3780074,0.0,-1.772205385,1.0,11.24058859235,1.0,0.0859375,0.0,-1.0389404296875,1.0,1.836097702383995,0.5,-0.125,0.0,-2.837232505,0.0,-0.58083145,1.0,13.50674653095,0.0,-1.824440024793148,0.0,-2.563208617269993,1.0,0.5782470703125,1.0,0.44516035,1.0,1.057997226715088,0.0,-1.912344765,0.0,-3.616841545,1.0,0.5390625
camper,agent,0.0,-2.1511644225,0.0,-2.0153665,0.5,-0.07268792,1.0,0.1171875,0.0,-1.5233154296875,1.0,1.3886337131261826,0.0,-1.249755859375,0.0,-3.740859841,0.0,-1.054006505,1.0,8.06587816535,0.0,-1.60588076710701,0.0,-2.1469521932303905,0.0,-0.15625,0.5,-0.8674500850000001,0.5,0.0848345756530761,0.0,-3.0374918515,0.0,-3.490407783,1.0,0.1328125
canvas,patient,1.0,-2.24282354125,1.0,-2.53828428875,0.25,1.5275328620000002,0.0,0.15234375,1.0,-1.91796875,0.0,0.3848476260900497,1.0,-1.37481689453125,1.0,-5.82673479775,1.0,-1.1978606575,1.0,-13.6600612549825,1.0,-2.308933239430189,1.0,-2.7618622547015548,1.0,-0.8829345703125,1.0,-7.056633085475,1.0,-1.5534784942865372,1.0,-3.5110818102500003,1.0,-3.14390435225,0.25,0.22265625
captain,agent,0.3333333333333333,-0.2942591,0.0,-1.0409876333333334,1.0,8.607548025333331,1.0,1.1924641927083333,0.0,-1.1146647135416667,1.0,1.8724771738052368,0.0,-1.249755859375,0.0,-3.290204842,0.0,-0.7950777166666666,1.0,15.292532002033331,0.0,-0.6829070746898651,0.0,-1.4867226382096608,1.0,0.375,0.6666666666666666,0.7756334333333333,0.6666666666666666,0.2505823969841003,0.0,-2.10244855,0.0,-2.4595927566666664,1.0,0.5831705729166666
car,patient,1.0,-1.3459646275,1.0,-2.066730970833333,0.0833333333333333,2.888938150416667,0.0,0.45697021484375,1.0,-2.1470133463541665,0.5,0.3885059307018916,1.0,-0.4582722981770833,1.0,-4.0465243265833335,1.0,-0.9707006008333332,0.75,-6.285352373127499,1.0,-1.5774904936552048,1.0,-1.9209794451793036,1.0,-0.3854166666666667,0.1666666666666666,1.048456455,0.25,0.4507294595241546,1.0,-3.480633293916666,1.0,-1.28750684,0.0833333333333333,0.28515625
cardboard,patient,1.0,-1.1440357675,1.0,-2.1803028865000003,0.0,3.34554050575,1.0,-0.08203125,1.0,-1.72662353515625,0.0,0.5123786926269531,1.0,-1.1875,1.0,-5.21038452575,1.0,-1.2717962049999998,1.0,-9.800891357915,1.0,-3.2829017750918865,1.0,-1.9855783134698868,1.0,-0.7889404296875,1.0,-3.9565584045,1.0,-1.1394236274063587,1.0,-3.4724774625,1.0,-3.25884952425,0.0,0.3477783203125
carpet,patient,1.0,-1.8168489633333336,1.0,-2.298441413333333,0.0,3.0045388013333336,0.3333333333333333,0.0104166666666666,1.0,-1.9952392578125,0.0,1.7861200819412868,1.0,-1.1664225260416667,1.0,-3.850831486666667,1.0,-1.1450138033333332,1.0,-17.400723900933333,1.0,-2.619191477696101,1.0,-2.2420046279827752,1.0,-0.7705891927083334,1.0,-3.1743947796666667,1.0,-0.5726241668065389,1.0,-3.974435924,1.0,-1.9001781653333327,0.0,0.2864583333333333
carver,agent,0.7142857142857143,0.3128981899999999,0.0,-1.9226526657142853,1.0,9.272265929071429,0.0,-0.4084123883928571,0.0,-1.6251220703125,1.0,0.8834533563682011,0.0,-0.8929268973214286,0.0,-4.400468768142857,0.0,-0.78272769,1.0,16.03869417630143,0.0,-1.0382505059242249,0.0,-2.112748992230211,0.4285714285714285,-0.0223214285714285,0.0,-3.197626609285714,1.0,0.3840502287660326,0.0,-3.0401036168571425,0.0,-3.4927420422857147,1.0,0.5960867745535714
caterer,agent,0.0,-0.9080812333333332,0.0,-1.944351743333333,1.0,4.111526255666667,0.0,-0.2395833333333333,0.0,-1.1456705729166667,1.0,1.7391154517730076,0.0,-1.500244140625,0.0,-4.324466238,0.0,-0.98514849,1.0,14.033498722866668,0.0,-1.4747772018114726,0.0,-2.0398229037721958,0.6666666666666666,0.0416666666666666,0.0,-5.4161139771,1.0,1.1311435798803966,0.0,-2.954294729333333,0.0,-3.6573785116666655,0.6666666666666666,0.234375
cd,patient,1.0,-2.309298318,1.0,-2.1120292666666667,0.0,2.50865337,0.6666666666666666,-0.0572916666666666,1.0,-2.031005859375,0.0,0.3864034016927083,1.0,-1.0830891927083333,1.0,-4.991169898,1.0,-1.080949816666667,1.0,-17.127799211533333,1.0,-2.792549113432567,1.0,-1.811230336626371,1.0,-0.5834147135416666,1.0,-4.811640804666667,0.0,0.4434820711612701,1.0,-3.145143996333333,1.0,-1.8848669866666663,0.0,0.36962890625
cellist,agent,0.5,-0.26189624,0.0,-2.02504832,1.0,4.3151154387,0.0,-0.2890625,0.0,-1.57818603515625,1.0,0.4481964111328124,0.0,-1.375244140625,0.0,-7.2346508585,0.0,-0.44079592,1.0,15.31832521,0.0,-1.3789825588464737,0.0,-1.709684371948242,1.0,0.328125,0.0,-5.195292624,0.0,-0.2906489372253417,0.0,-2.8991089465,0.0,-3.9905382095,1.0,0.5233154296875
cello,patient,1.0,-0.8482189499999999,1.0,-2.54659828,0.0,2.4797777965,1.0,-0.3984375,1.0,-1.70318603515625,0.0,0.3808708190917969,1.0,-1.62530517578125,1.0,-7.576003163999999,1.0,-0.6134071350000001,0.0,1.58780556,1.0,-3.091415405273437,1.0,-1.89022733271122,1.0,-0.34375,1.0,-6.5722033953,1.0,-1.3840002417564392,1.0,-2.928835625,1.0,-2.920702422,0.0,0.429931640625
chauffeur,agent,0.0,-0.5499511666666667,0.0,-1.4052199666666667,1.0,10.090091354833332,1.0,0.3125,0.0,-1.177490234375,1.0,1.3211161494255066,0.0,-0.3333333333333333,0.0,-3.0352060733333333,0.0,-0.98595167,1.0,15.480983591366666,0.0,-0.5813954869906107,0.0,-1.8112369825442631,1.0,0.5310872395833334,0.6666666666666666,0.84884357,1.0,1.0393180747826891,0.0,-2.471842833333333,0.0,-1.3209889766666665,1.0,0.588623046875
chef,agent,0.5,-0.1135816069999999,0.0,-1.694120126,1.0,6.970801659840001,0.2,-0.09375,0.0,-1.49227294921875,1.0,1.3238967955112455,0.0,-1.024951171875,0.0,-4.484799532000001,0.0,-0.5525004899999999,1.0,15.003883384446002,0.0,-1.7068115159869195,0.0,-1.9069098569452765,0.9,0.240625,0.0,-2.7880450345,1.0,1.2305704072117805,0.0,-2.4655497357,0.0,-3.5252473517,0.7,0.3093505859375
choreography,patient,1.0,-1.15923453,1.0,-1.99725918,0.0,2.57169757,1.0,-0.390625,1.0,-1.4532470703125,0.0,0.2615393996238706,1.0,-1.4998779296875,1.0,-3.919547797,1.0,-0.8290729000000001,0.0,7.120658895299999,1.0,-1.0153274536132812,1.0,-1.7986821830272672,0.0,0.3125,0.0,1.97672475,0.0,0.5999069213867188,1.0,-2.24871703,1.0,-0.77162946,0.0,0.15625
clarinet,patient,1.0,-1.149272505,1.0,-2.52064877,0.0,3.0792874425,1.0,-0.34375,1.0,-1.2886962890625,0.0,1.009021744132042,1.0,-1.37530517578125,1.0,-6.150674281,1.0,-0.5795841399999999,0.0,3.514060225,1.0,-3.1921005100011826,1.0,-2.225038059055805,1.0,-0.078125,1.0,-6.84895488825,1.0,-1.138806864619255,1.0,-2.6257141225,1.0,-3.6260598975,0.0,0.664306640625
clarinetist,agent,0.0,-0.2982275049999999,0.0,-1.9409427800000003,1.0,7.94065511275,0.0,-0.296875,0.0,-0.7578125,1.0,1.141742706298828,0.0,-1.125,0.0,-4.556901549999999,0.0,-0.4467677849999999,1.0,14.4735757092,0.0,-1.2860030680894852,0.0,-1.980265133082867,1.0,0.7032470703125,0.0,-2.5252451035,0.0,-0.2985310554504394,0.0,-2.433463108,0.0,-3.8348531,1.0,0.695556640625
clay,patient,1.0,-2.0506607916666666,1.0,-2.709479748333333,0.1666666666666666,1.1387227565,0.3333333333333333,0.0989583333333333,1.0,-1.6769205729166667,0.0,0.439959188302358,1.0,-1.7500813802083333,1.0,-4.485868533666667,1.0,-1.291767033333333,0.5,-7.234972609001666,1.0,-2.4662882424890995,1.0,-2.6482440320154037,1.0,-0.8543294270833334,1.0,-8.551337959553333,1.0,-0.9997032433748244,1.0,-4.522946542666667,1.0,-3.649893543333334,0.0,0.46875
cleaner,agent,0.2,-0.4388930220000001,0.0,-2.308083698,1.0,8.77919764124,1.0,0.25625,0.0,-1.731005859375,1.0,1.1409606754779815,0.0,-0.949951171875,0.0,-1.877086006,0.0,-0.981005908,1.0,14.71771119092,0.0,-1.9549437880516047,0.0,-1.3899730682373046,1.0,0.643798828125,1.0,2.2384102940000004,0.2,-0.1440105319023131,0.0,-2.6667436007999994,0.0,-2.198405558,1.0,0.459375
clerk,agent,0.0,-1.105525025,0.0,-1.766322985,1.0,5.780351990450001,0.0,-0.25,0.0,-1.64849853515625,1.0,1.1399727165699003,0.0,-1.37493896484375,0.0,-2.692666995,0.0,-0.8185918999999999,1.0,13.079598938735,0.0,-0.4334030151367187,0.0,-1.8415121734142308,0.5,-0.046875,0.5,0.0734453249999999,0.5,0.2209162414073944,0.0,-3.1949035415,0.0,-3.5720970865000004,1.0,0.484375
cloth,patient,1.0,-1.8038102125,1.0,-2.673091355625,0.25,0.8334359039999999,1.0,-0.234344482421875,1.0,-2.142547607421875,0.875,-0.1490697786211967,1.0,-1.40625,1.0,-5.200311904,1.0,-0.98107926625,1.0,-16.008387753736248,1.0,-2.158760065212846,1.0,-2.3862128257751465,1.0,-0.785125732421875,1.0,-6.2282959940125,1.0,-0.6186321899294853,1.0,-3.854829791125,1.0,-2.73083634425,0.25,0.334014892578125
coat,patient,1.0,-2.43843426,1.0,-2.6903732920000003,0.0,1.472851295,1.0,-0.09375,1.0,-2.03973388671875,0.0,1.1632194817066193,1.0,-1.49981689453125,1.0,-5.29030972,1.0,-1.14846992,1.0,-16.84570568215,1.0,-1.458877593278885,1.0,-2.5893034860491757,1.0,-0.9532470703125,1.0,-4.139788126,1.0,-2.235868465155363,1.0,-3.4771768410000004,1.0,-2.3999041525,0.0,0.476806640625
code,patient,1.0,-0.7345823300000001,1.0,-1.832445955,0.0,7.29309489585,0.0,0.3984375,1.0,-2.609405517578125,0.0,0.2607841193675994,1.0,-0.7496337890625,1.0,-3.93994531,1.0,-0.64401818,0.5,1.9533328401,1.0,-1.4375000149011612,1.0,-1.868680998682976,0.5,-0.078125,1.0,-4.52616013,0.0,1.1276297718286512,1.0,-2.549896905,1.0,-1.76593999,0.0,0.375244140625
comedian,agent,1.0,0.1145668,0.0,-1.87056521,1.0,7.855461638,0.0,-0.125,0.0,-1.031494140625,1.0,1.9275359511375427,0.0,-0.750244140625,0.0,-1.5027864999999998,0.0,-0.96084402,1.0,15.22330582667,0.0,-1.4795989990234375,0.0,-1.5546588599681854,1.0,0.40625,0.0,-1.5636592,1.0,1.1774997115135193,0.0,-2.63995328,0.0,-2.03878096,1.0,0.125
concerto,patient,1.0,-0.8107496499999999,1.0,-2.387601725,0.0,2.00977788,1.0,-0.4375,1.0,-1.8125,0.0,1.464828446507454,1.0,-0.99951171875,1.0,-4.467280784,1.0,-0.6663455200000001,0.0,3.904241386,1.0,-2.4035796374082565,1.0,-2.156139276921749,1.0,-0.25,1.0,-2.975337537,1.0,-0.3026018142700195,1.0,-2.8856006,1.0,-1.10142992,0.0,0.453125
confectioner,agent,0.0,-0.5922200866666666,0.0,-2.364543193333333,1.0,1.7073766433333333,0.0,-0.505126953125,0.0,-0.885498046875,1.0,0.9699554642041524,0.0,-1.1668294270833333,0.0,-4.813630757666667,0.0,-1.0179500666666663,1.0,13.448562386766667,0.0,-0.8466364940007528,0.0,-1.9260518103837967,1.0,0.1666666666666666,0.0,-2.730075073666667,1.0,0.5768826603889465,0.0,-3.4335531390000003,0.0,-3.972486974666667,1.0,0.5210774739583334
container,patient,1.0,-1.894291275,1.0,-2.615311497,0.0,2.380493792,1.0,-0.125,1.0,-1.6871337890625,0.0,0.470384567975998,1.0,-1.2503662109375,1.0,-5.410538163,1.0,-1.105453465,1.0,-10.24248735883,1.0,-0.895511656999588,1.0,-2.225153923034668,1.0,-0.921875,1.0,-5.213862681,1.0,-1.2736807018518448,1.0,-2.270063882,1.0,-1.102769915,0.0,0.429931640625
convertible,patient,1.0,-1.5265604366666663,1.0,-1.9882147733333333,0.0,3.967418339333333,0.0,0.1875,1.0,-1.6044514973958333,0.6666666666666666,-0.0953292846679687,1.0,-0.5833333333333334,1.0,-3.8950475786666665,1.0,-0.9135888966666666,0.0,4.872884679666666,1.0,-2.3528518552581468,1.0,-2.4002050211032238,0.0,0.3333333333333333,1.0,-2.47154225,1.0,-0.8808495004971822,1.0,-2.571139357333333,1.0,-0.8759892800000001,0.0,0.5728352864583334
cook,agent,0.3333333333333333,-0.1445861233333333,0.0,-2.248765526666667,1.0,3.0915787179166667,0.0,-0.2968343098958333,0.0,-1.74493408203125,1.0,0.8045679728190104,0.0,-1.6251220703125,0.0,-5.608409522,0.0,-0.948222485,1.0,15.717334375866669,0.0,-1.298123685022195,0.0,-2.597092345356941,0.6666666666666666,0.046875,0.0,-6.543022333833332,1.0,1.1691493739684422,0.0,-3.041018981166667,0.0,-3.923038861166667,0.6666666666666666,0.265625
cotton,patient,1.0,-1.975846765,1.0,-2.8553267275,0.25,0.9250456025,1.0,-0.37890625,1.0,-1.9997406005859373,0.0,0.954435333609581,1.0,-1.68743896484375,1.0,-5.72793021,1.0,-1.0458388724999998,1.0,-17.374560145825,1.0,-3.736186975613237,1.0,-2.48039722815156,1.0,-0.67218017578125,1.0,-8.44506689035,1.0,-1.1871488206088543,1.0,-4.5957133835,1.0,-3.747929091875,0.25,0.28125
countertop,patient,1.0,-1.977547346666667,1.0,-2.4180125253333333,0.0,3.579691141,0.0,0.2552083333333333,1.0,-1.6044108072916667,0.0,0.8711471358935038,1.0,-1.1666666666666667,1.0,-3.841419374,1.0,-1.1583792133333333,1.0,-17.651133324793335,1.0,-1.765431726972262,1.0,-2.419501942892869,1.0,-0.3333333333333333,1.0,-3.5757564800000003,0.0,0.7260500987370809,1.0,-2.5749293166666667,1.0,-1.964127076666667,0.0,0.2708333333333333
crate,patient,1.0,-2.437301875,1.0,-2.79869733,0.0,1.18722299,1.0,-0.3515625,1.0,-2.08648681640625,0.0,0.7432822585105895,1.0,-1.62506103515625,1.0,-5.686525754,1.0,-1.54279315,1.0,-14.35070226647,1.0,-1.6777877733111382,1.0,-2.2485371083021164,1.0,-0.890625,1.0,-3.5025008475,1.0,-1.071519389748573,1.0,-2.8787098725,1.0,-2.617548873,0.0,0.3359375
cushion,patient,1.0,-2.3573511712500004,1.0,-3.0430940752500004,0.5,-0.422419565,0.0,0.015625,1.0,-1.398529052734375,0.0,0.7599392160773277,1.0,-1.312835693359375,1.0,-5.34181803225,1.0,-1.53754517,1.0,-15.2423734538,1.0,-2.6706847809255123,1.0,-2.821627859957516,1.0,-0.72650146484375,1.0,-7.970237723675,1.0,-1.341380808502436,1.0,-4.689604309875,1.0,-3.316753266,0.25,0.04296875
cut,patient,1.0,-0.6933799024999999,1.0,-2.3998674915,0.25,2.21343337175,1.0,-0.33984375,1.0,-2.426025390625,1.0,-0.5682430565357208,1.0,-1.187896728515625,1.0,-4.531939132000001,1.0,-1.59628919,1.0,-10.7510426266,1.0,-0.6611595004796982,1.0,-2.6984496638178825,0.25,0.03125,1.0,-4.67893373925,1.0,-0.8166234791278839,1.0,-3.3599212915,1.0,-1.9827803575,0.25,0.15234375
dancer,agent,0.0,-0.37552945,0.0,-2.40982047,1.0,5.305709629,0.0,-0.265625,0.0,-1.515869140625,1.0,1.2930603027343754,0.0,-1.5,0.0,-4.03099061,0.0,-0.8088342000000001,1.0,15.9872614116,0.0,-1.1242523193359375,0.0,-1.5874156653881073,1.0,0.375,0.0,-1.26377486,1.0,0.6986512839794159,0.0,-2.817260644,0.0,-2.989371453,1.0,0.109375
dealer,agent,0.0,-0.3117413,0.0,-1.6149775166666664,1.0,9.7803354533,1.0,0.7080891927083334,0.0,-1.510498046875,1.0,0.9120712081591288,0.6666666666666666,-0.166748046875,0.0,-1.3906611,0.0,-1.11365249,1.0,15.724832202260002,0.0,-0.7674560447533926,0.0,-1.8671223123868304,1.0,0.4999186197916667,1.0,2.9677708666666667,1.0,1.7129891564448674,0.0,-2.6670539866666663,0.0,-1.4647978899999998,1.0,0.56787109375
dish,patient,1.0,-2.127296565,1.0,-2.85251239,1.0,-0.7194016699999999,1.0,-0.1640625,1.0,-2.468231201171875,0.0,0.6971397399902344,1.0,-1.50018310546875,1.0,-4.914037938,1.0,-1.399854635,1.0,-15.805270183935,1.0,-1.9610900580883024,1.0,-2.4526047073304653,1.0,-0.8592529296875,1.0,-3.105346666,1.0,-0.4649553000926971,1.0,-4.7868754055,1.0,-1.406326325,0.0,0.15625
doctor,agent,0.5,-0.102145085,0.0,-1.49136546,1.0,10.99032583355,0.5,-0.0390625,0.0,-1.99176025390625,0.0,-0.2546691596508026,0.0,-1.375,0.0,-3.647760235,0.0,-0.8211167300000001,1.0,16.34834574735,0.0,-0.4922713935375213,0.0,-1.4542450979351995,1.0,0.28125,0.0,-5.390918299999999,1.0,1.5376176834106443,0.0,-2.253182755,0.0,-3.0565360980000005,1.0,0.4608154296875
dough,patient,1.0,-2.6225965046666664,1.0,-2.654978718,1.0,-0.7981204399999999,0.3333333333333333,0.03125,1.0,-1.5988362630208333,0.6666666666666666,0.0488459269205729,1.0,-1.1669108072916667,1.0,-5.4029741646666665,1.0,-1.582887513333333,1.0,-17.087220989346665,1.0,-3.1423084884881973,1.0,-2.6236540550986924,1.0,-0.520751953125,1.0,-8.3800337243,0.3333333333333333,0.0365765889485677,1.0,-5.508618604333333,1.0,-2.886880139666667,0.3333333333333333,0.1614583333333333
dressmaker,agent,0.75,-0.0603866574999999,0.0,-2.36780727375,1.0,6.502487421025001,0.0,-0.30859375,0.0,-1.421600341796875,1.0,1.512374885380268,0.0,-1.000244140625,0.0,-5.2079427030000005,0.0,-0.9942855275,1.0,12.985644184425,0.0,-1.0072707906365397,0.0,-1.8660127930343149,1.0,0.2734375,0.0,-3.135760135,1.0,0.3726108148694039,0.0,-4.1590008030000005,0.0,-4.1711624976,0.75,0.3826904296875
driver,agent,0.2857142857142857,-0.3099717942857142,0.0,-1.5233742657142857,1.0,7.669766150514287,1.0,0.34375,0.0,-1.6784842354910714,0.0,-0.3903612494468689,0.1428571428571428,-0.46435546875,0.0,-3.087722864285714,0.0,-0.9265994914285716,1.0,15.55730008392857,0.0,-0.9961896751608168,0.0,-1.8185126100267683,1.0,0.1696428571428571,0.8571428571428571,1.816812280857143,1.0,1.1538820202861513,0.0,-2.7973506562857144,0.0,-1.4520682152857145,1.0,0.4219796316964285
drug,patient,1.0,-1.653141736666667,1.0,-2.142370419333333,0.0,6.714193906733335,0.0,0.4166666666666667,1.0,-1.9380696614583333,0.0,0.6405449310938517,1.0,-1.1665852864583333,1.0,-3.465655302,1.0,-0.9460194766666667,1.0,-15.54526927987,1.0,-1.0534845689932506,1.0,-1.961349497238795,1.0,-0.4165852864583333,0.0,1.10117856,0.0,1.0024763941764834,1.0,-2.6695719133333333,1.0,-0.8058646399999999,0.0,0.34912109375
drummer,agent,0.0,-0.7163522950000001,0.0,-1.768295095,1.0,5.5488198028,0.0,-0.6798095703125,0.0,-1.6168212890625,1.0,0.0897941589355467,0.0,-1.3748779296875,0.0,-5.59163622,0.0,-0.68592737,1.0,15.16069417265,0.0,-2.131553649902344,0.0,-2.2321648858487606,1.0,0.140625,0.5,0.1534142349999999,1.0,0.2324399948120116,0.0,-2.703920377,0.0,-2.03187518,1.0,0.476806640625
duffle,patient,1.0,-2.620517873,1.0,-3.029282416,0.5,0.4745108,0.0,0.03125,1.0,-2.01580810546875,0.0,0.5767822265625,1.0,-1.25048828125,1.0,-5.6678001965,1.0,-1.3567046349999998,1.0,-13.816320597635,1.0,-2.5853651985526085,1.0,-2.7888631746172905,1.0,-0.6561279296875,1.0,-3.227062941,1.0,-1.375520721077919,1.0,-2.93054755,1.0,-2.265334085,0.0,0.3046875
essay,patient,1.0,-2.0266967725,1.0,-1.904424095,0.5,-0.7918785782500002,0.0,0.19140625,1.0,-1.9531097412109373,0.25,0.1398143768310547,1.0,-0.8751220703125,1.0,-3.61458966,1.0,-0.6597366250000001,1.0,-13.42244014395,1.0,-0.7481556162238121,1.0,-1.7636198811233044,0.5,-0.0078125,1.0,-4.29187673525,1.0,-0.4338116720318793,1.0,-3.40003071275,0.75,-0.3858027975,0.0,0.6212158203125
essayist,agent,0.5,0.273709135,0.0,-1.731581575,1.0,9.44188517835,1.0,0.5703125,0.0,-1.140625,1.0,0.9225349426269532,0.0,-0.87451171875,0.0,-2.248655375,0.0,-0.6438398799999999,1.0,14.0176783274,0.0,-0.2410659790039063,0.0,-1.7018513604998589,1.0,0.702880859375,0.5,-0.606461455,1.0,0.4444079399108887,0.0,-4.005748197,0.0,-2.362605535,1.0,0.875244140625
fabric,patient,1.0,-2.20004337555,1.0,-2.6357895460000007,0.2,1.2213798142199996,0.9,-0.1375,1.0,-2.143829345703125,0.0,1.171579936146736,1.0,-1.27493896484375,1.0,-4.222531228399999,1.0,-0.8347004895,1.0,-16.8618129817405,1.0,-2.3087868064641954,1.0,-2.3257870227098465,1.0,-0.8796630859375,1.0,-5.643592234399999,1.0,-1.5559267215430737,1.0,-3.57085564265,1.0,-2.0352243343,0.15,0.3304443359375
fillet,patient,1.0,-2.6127952433333337,1.0,-2.2094044666666663,1.0,-2.169358204666666,1.0,-0.4947916666666667,1.0,-1.7294108072916667,0.0,0.6776580909887949,1.0,-1.4998372395833333,1.0,-7.235592171166666,1.0,-1.06506037,1.0,-17.839685454033333,1.0,-2.5061950708429017,1.0,-2.5123053019245467,1.0,-0.635498046875,1.0,-5.811526637700001,0.3333333333333333,0.1324383417765299,1.0,-4.3755177283333335,1.0,-3.008807473333333,0.3333333333333333,-0.0052083333333333
fish,patient,1.0,-2.475282523666667,1.0,-2.4786461566666667,1.0,-2.1699606266666667,1.0,-0.234375,1.0,-1.9794514973958333,0.0,0.3464736938476562,1.0,-1.9998372395833333,1.0,-5.954110771166666,1.0,-1.3113242166666668,1.0,-17.67013646417,1.0,-2.774744701882204,1.0,-2.260377250611782,1.0,-0.76025390625,1.0,-6.020640814166666,1.0,-0.1553589502970377,1.0,-4.724111208666667,1.0,-3.6741912756666673,0.3333333333333333,0.03125
floor,patient,1.0,-2.0100667266666665,1.0,-2.2697677646666663,0.0,4.137430892333334,0.3333333333333333,0.046875,1.0,-2.1517130533854165,0.0,0.7246602574984232,1.0,-1.2499186197916667,1.0,-3.109909521666667,1.0,-1.16781998,1.0,-17.400541018186665,1.0,-1.2507985730965931,1.0,-1.9981100459893544,1.0,-0.9059244791666666,0.6666666666666666,-1.0566599733333333,0.0,0.9452508290608724,1.0,-3.1111097336666664,1.0,-1.77774244,0.0,0.1770833333333333
flute,patient,1.0,-1.157156205,1.0,-2.81009852,0.0,4.14510879,1.0,-0.4765625,1.0,-1.85211181640625,0.0,0.5680503845214844,1.0,-1.5003662109375,1.0,-6.8648583975,1.0,-0.8254765550000001,0.0,1.7814527999999998,1.0,-3.615806594491005,1.0,-2.301393464207649,1.0,-0.4844970703125,1.0,-9.22163419305,1.0,-0.9154892116785048,1.0,-2.6311281600000003,1.0,-3.0329398945,0.0,0.25
flutist,agent,0.0,-0.48615543,0.0,-2.340399613,1.0,6.6853644072,0.0,-0.34375,0.0,-1.75726318359375,1.0,0.3595123291015624,0.0,-1.374755859375,0.0,-6.2237864185,0.0,-0.66602995,1.0,15.89686323037,0.0,-1.4684143662452698,0.0,-1.841614231467247,1.0,0.015625,0.0,-5.486159,1.0,0.3691573143005371,0.0,-2.920488952,0.0,-4.817484126,1.0,0.3359375
food,patient,1.0,-2.4146754030000004,1.0,-2.324458035,0.0,0.55197518,0.0,0.140625,1.0,-2.0078125,0.0,0.1059436798095702,1.0,-1.8753662109375,1.0,-4.665638885,1.0,-1.0117579,1.0,-17.666898080819998,1.0,-2.5161896347999573,1.0,-2.176090255379677,1.0,-0.875,1.0,-3.5052439000000004,1.0,-0.2354874610900878,1.0,-3.3590474,1.0,-2.193836043,0.5,0.0078125
gem,patient,1.0,-1.265155465,1.0,-2.3734182995,0.0,3.4456679115,1.0,-0.46868896484375,1.0,-1.843658447265625,0.0,0.6245594099164009,1.0,-1.18756103515625,1.0,-5.54246507225,1.0,-0.6656756875,1.0,-14.44094014469,1.0,-3.0939941368997097,1.0,-2.2925050426274542,1.0,-0.80487060546875,1.0,-8.9256632963725,0.0,0.1717627048492431,1.0,-2.787150964,1.0,-2.6145931090000003,0.0,0.81640625
glass,patient,1.0,-1.8269114850000003,1.0,-2.7089264025,0.25,0.6754900325,0.0,0.18359375,1.0,-2.21881103515625,0.0,1.577196091413498,1.0,-1.375091552734375,1.0,-4.917664224999999,1.0,-0.7579636574999999,1.0,-15.317839440539998,1.0,-2.250764861702919,1.0,-2.4630036614835262,1.0,-1.015869140625,1.0,-3.8948206965,1.0,-0.7503592818975449,1.0,-3.060700223,1.0,-3.1635337675,0.25,0.2930908203125
hairdresser,agent,0.4285714285714285,-0.1427900185714286,0.0,-1.73582124,1.0,11.042183395271428,0.0,-0.3348214285714285,0.0,-1.0066964285714286,1.0,0.9163894823619296,0.0,-0.9285714285714286,0.0,-1.7063976114285713,0.0,-0.7545908614285715,1.0,15.039532987728569,0.0,-0.6636853728975568,0.0,-1.816009025488581,1.0,0.4195382254464285,1.0,4.354842062285714,0.8571428571428571,0.3073359898158482,0.0,-2.093544174285715,0.0,-3.4755069135714285,0.8571428571428571,0.1651785714285714
handle,patient,1.0,-0.592956985,1.0,-2.32529022,0.0,6.51886007185,0.0,0.2890625,1.0,-1.894500732421875,0.0,0.3058032989501953,1.0,-1.0628662109375,1.0,-5.5413160025,1.0,-0.8216414575000001,1.0,-11.26465210701,1.0,-0.9499359056353568,1.0,-2.1673774924129248,1.0,-0.28125,0.5,-0.39493633375,1.0,-0.6654770374298096,1.0,-1.8715545,1.0,-0.6586761575,0.25,0.2734375
hat,patient,1.0,-2.297275096666666,1.0,-2.2640927266666666,0.0,4.336884994333333,0.0,0.2760416666666667,1.0,-2.119954427083333,0.0,1.5530039469401042,1.0,-0.8333333333333334,1.0,-5.461725345666667,1.0,-0.65036387,1.0,-16.4983455526,1.0,-1.0731862584749858,1.0,-2.150936158994833,1.0,-0.4271647135416667,1.0,-3.599280775333334,0.0,0.1843439737955729,1.0,-1.8575661133333332,1.0,-2.436430322,0.0,0.5104166666666666
herb,patient,1.0,-2.418659513333333,1.0,-2.4029166170000003,1.0,-0.7149008133333333,0.3333333333333333,0.0104166666666666,1.0,-1.760498046875,0.0,0.3981246749560038,1.0,-1.3332112630208333,1.0,-5.857287745,1.0,-0.7976182233333332,1.0,-16.799961772,1.0,-1.8084055185317995,1.0,-2.7287893344958625,1.0,-0.6669921875,1.0,-7.0012134854,0.6666666666666666,-0.0114227930704752,1.0,-4.639346443,1.0,-2.802594073333333,0.3333333333333333,0.234375
hiker,agent,0.0,-1.765251035,0.0,-2.201804233,1.0,2.25628943,0.0,-0.09375,0.0,-1.7730712890625,1.0,0.5917740166187285,0.0,-1.999755859375,0.0,-4.7365055730000005,0.0,-0.95420448,1.0,13.44849010915,0.0,-0.9587936103343964,0.0,-1.8101592212915425,1.0,0.21875,0.0,-1.510795635,0.5,0.1188435554504395,0.0,-2.9533517975,0.0,-3.551866809,1.0,0.15625
housekeeper,agent,0.3333333333333333,-0.0294279133333332,0.0,-1.76467885,1.0,9.149064973433331,0.0,-0.203125,0.0,-1.0934244791666667,1.0,1.0768508613109589,0.0,-1.0,0.0,-3.0116730100000004,0.0,-1.0504156533333333,1.0,15.6224046933,0.0,-0.9623565475145978,0.0,-2.1871109530329704,1.0,0.3125,0.0,-4.238523513333334,1.0,0.5779638191064199,0.0,-3.3356767716666664,0.0,-2.962120770333333,1.0,0.3177083333333333
ice,patient,1.0,-1.5398507028571429,1.0,-2.261185178714286,0.0,3.9308131365,1.0,-0.1517857142857142,1.0,-1.9394356863839288,0.0,0.3479341779436384,1.0,-1.4287806919642858,1.0,-5.150376684428571,1.0,-0.8245569328571429,1.0,-14.956108243904293,1.0,-3.211408334118979,1.0,-2.1758216598204205,1.0,-0.9734933035714286,1.0,-7.8897608633,1.0,-0.435089247567313,1.0,-2.9759987810000004,1.0,-2.5541501950000005,0.0,0.2946428571428571
illustrator,agent,0.75,0.328739995,0.0,-1.70167434,1.0,6.69489587805,1.0,0.12109375,0.0,-1.671783447265625,1.0,1.1751041412353518,0.0,-0.87493896484375,0.0,-3.845393125,0.0,-0.5704255025,1.0,14.7984639329,0.0,-0.7827930301427841,0.0,-1.862797949463129,1.0,0.125,0.0,-1.6679519775,1.0,0.8746056482195854,0.0,-2.929636313,0.0,-3.23817336675,0.75,0.359375
ingredient,patient,1.0,-1.8382268833333333,1.0,-2.027678006666666,1.0,-0.4739387333333333,0.0,0.4271647135416667,1.0,-1.34912109375,0.0,1.192368855079015,1.0,-0.6665852864583334,1.0,-2.94448366,1.0,-1.0133812466666667,1.0,-13.976003432513332,1.0,-1.1743418176968892,1.0,-2.1261319741606712,1.0,-0.354248046875,0.6666666666666666,-0.7702414966666667,0.0,1.4932461033264797,1.0,-3.0149977693333336,1.0,-1.7423460653333331,0.0,0.3644205729166667
instrument,patient,1.0,-1.04766256,1.0,-2.17475509,0.0,5.1429767953,0.0,0.0234375,1.0,-2.09429931640625,0.0,0.2624092400074005,1.0,-1.4998779296875,1.0,-6.80197442,1.0,-0.59940527,0.0,3.3820786395000004,1.0,-1.3438377380371094,1.0,-2.350719463080168,1.0,-0.4996337890625,1.0,-8.88460548035,0.5,0.0620961189270019,1.0,-2.4574986075,1.0,-1.2563481,0.0,0.328125
item,patient,1.0,-2.251492816666667,1.0,-2.110802263333333,0.0,3.7992332963333335,0.0,0.65087890625,1.0,-2.0733642578125,0.0,1.6877962748209632,1.0,-0.91650390625,1.0,-3.740693663333333,1.0,-0.7479630033333334,1.0,-16.815995718183334,1.0,-0.0263900756835937,1.0,-1.89439357817173,1.0,-0.6873372395833334,0.0,3.593141265,0.0,0.870069831609726,1.0,-2.0099689250000004,0.3333333333333333,0.09925809,0.0,0.25
jacket,patient,1.0,-2.49295438,1.0,-2.549560438,0.0,1.28894962,0.5,-0.0078125,1.0,-2.03076171875,0.0,1.0462303161621094,1.0,-0.9998779296875,1.0,-4.8992340940000005,1.0,-1.08940402,1.0,-15.974981938149998,1.0,-2.0037841498851776,1.0,-2.231572575867176,1.0,-0.734375,1.0,-3.8588321135,1.0,-0.8482980579137801,1.0,-3.0143461745,1.0,-2.391065405,0.0,0.61767578125
janitor,agent,0.3333333333333333,-0.55643661,0.0,-1.6536927300000002,1.0,8.810462866633332,1.0,0.2395833333333333,0.0,-0.7709147135416666,1.0,0.904665639003118,0.0,-1.16650390625,0.0,-1.225359,0.0,-1.05944118,1.0,14.450534762033334,0.0,-1.07987975080808,0.0,-1.7408421834309893,1.0,0.28125,1.0,2.90309138,1.0,1.0093049705028534,0.0,-2.8750180593333337,0.0,-2.9813984983333337,1.0,0.3229166666666667
jet,patient,1.0,-1.55010418,1.0,-2.5086999666666667,0.0,6.444806097333334,0.0,0.395751953125,1.0,-2.0526123046875,0.0,0.6351114809513092,1.0,-1.2500813802083333,1.0,-4.676686611333333,1.0,-0.7985470166666667,0.0,10.82354793968,1.0,-1.8053894241650903,1.0,-1.7506755342086155,1.0,-0.21875,1.0,-5.127045451733333,1.0,-0.6891377965609232,1.0,-2.07935809,1.0,-1.5811931966666666,0.0,0.46875
jeweler,agent,0.75,0.3835549325,0.0,-1.829651865,1.0,10.79483170295,0.0,-0.6173095703125,0.0,-1.41815185546875,1.0,0.6804657205939293,0.0,-0.81243896484375,0.0,-2.8431152275,0.0,-0.5626930825,1.0,14.298334538975,0.0,-1.008312188088894,0.0,-1.652488477528095,1.0,0.1953125,0.0,-0.3747141675,1.0,1.1456596702337265,0.0,-2.340257215,0.0,-3.1390926225,1.0,0.80450439453125
jewelry,patient,1.0,-1.5158993533333334,1.0,-2.2929203866666668,0.0,2.5718279526666668,0.6666666666666666,-0.1041666666666666,1.0,-1.4896647135416667,0.0,1.093638112147649,1.0,-1.3334554036458333,1.0,-4.607691544333334,1.0,-0.8766911199999999,1.0,-17.531042651779998,1.0,-2.6760457356770835,1.0,-2.27112640440464,1.0,-0.4270833333333333,1.0,-3.897439500666666,0.0,0.5951251784960429,1.0,-3.425080518,1.0,-1.0456600333333337,0.0,0.5521647135416666
journalist,agent,0.5,0.0223412699999999,0.0,-1.871752645,1.0,11.2719368656,1.0,0.7734375,0.0,-0.8985595703125,1.0,1.6814688593149183,0.0,-0.8751220703125,0.0,-1.681792125,0.0,-0.88732049,1.0,15.26154761673,0.0,-1.01531982421875,0.0,-1.608964428305626,1.0,0.71875,0.0,-4.84400477,1.0,0.9178795963525772,0.0,-2.4847239025,0.0,-3.111368889,1.0,0.9375
kite,patient,1.0,-1.60210702,1.0,-2.6859499286666666,0.0,2.1050211933333336,0.0,0.598876953125,1.0,-1.8433430989583333,0.0,1.3079630335172017,1.0,-1.2500813802083333,1.0,-5.270140339,1.0,-1.08242277,0.0,3.721796965333333,1.0,-2.164927139878273,1.0,-2.0327676236629486,1.0,-0.2604166666666667,1.0,-3.4179685170000003,1.0,-0.4559135337670645,1.0,-3.227201603,1.0,-4.106654571833333,0.0,0.421875
knob,patient,1.0,-1.859011475,1.0,-2.82617795875,0.0,4.555678112500001,0.0,0.2265625,1.0,-1.83172607421875,1.0,-0.2449855804443358,1.0,-0.93768310546875,1.0,-5.23047854025,1.0,-0.7699293899999999,1.0,-6.435503022875,1.0,-1.9719276353716857,1.0,-2.708845810964704,1.0,-0.3125,0.75,-0.8437847400000003,1.0,-0.5231103897094727,1.0,-2.1456158875,1.0,-2.025930845,0.0,0.331787109375
lady,agent,0.0,-1.306322206,0.0,-2.3800452508,0.8,3.2450866698,0.0,-0.234375,0.0,-1.4158203125,0.4,-0.0268188476562499,0.0,-1.6001220703125,0.0,-6.7286726898,0.0,-1.046041094,1.0,13.1131537811,0.0,-0.9870880365371704,0.0,-2.4976146534085277,0.4,-0.03125,0.0,-9.5587375223,0.8,0.5428623199462891,0.0,-3.3678789876,0.0,-4.730302518,0.8,0.175
lake,patient,1.0,-2.884586905,1.0,-2.627389793,1.0,-1.01566495,0.5,0.0078125,1.0,-2.109588623046875,1.0,-0.437706023454666,1.0,-1.124755859375,1.0,-6.2740003695,1.0,-0.934249055,1.0,-16.5413880591,1.0,-2.004981942474842,1.0,-3.0332980044186115,1.0,-0.781494140625,1.0,-7.158625442450001,1.0,-0.6433210372924805,1.0,-3.510445869,1.0,-3.235607525,0.0,0.1328125
landscape,patient,1.0,-2.25055709,1.0,-2.117025235,0.5,-0.6006699600000001,0.0,0.5465087890625,1.0,-2.18731689453125,1.0,-0.3298969268798828,1.0,-1.1253662109375,1.0,-3.638179045,1.0,-0.84750276,1.0,-17.450999966650002,1.0,-1.29082490503788,1.0,-2.8833155632019043,1.0,-0.53125,1.0,-6.00500860505,0.0,0.3610005378723143,1.0,-2.6162014225,1.0,-3.1349634755,0.0,0.125
letter,patient,1.0,-2.347594145,1.0,-1.73165807,0.5,0.043762155,0.0,0.6092529296875,1.0,-2.08575439453125,1.0,-0.6245193183422089,1.0,-1.1248779296875,1.0,-3.84424994,1.0,-0.7497291850000001,1.0,-16.71505635447,1.0,-0.6601028442382812,1.0,-1.9580770432949068,1.0,-0.359375,1.0,-8.050663642,0.0,0.1043772697448729,1.0,-2.41217071,1.0,-0.7565057850000001,0.0,0.296875
line,patient,1.0,-2.02505189,1.0,-2.193821825,1.0,-0.426669525,0.0,0.5626220703125,1.0,-2.83526611328125,0.5,-0.0772018432617187,1.0,-0.5,1.0,-3.873548723,1.0,-0.7670879399999999,1.0,-17.543958030485,1.0,-0.6731453239917756,1.0,-2.000638470053673,1.0,-0.15625,1.0,-6.579077588800001,0.0,0.7042808681726456,1.0,-1.4390747899999998,1.0,-0.679219225,0.0,0.328125
lotion,patient,1.0,-2.251100268333333,1.0,-2.489983168666667,0.0,3.772091344333333,0.0,0.6197916666666666,1.0,-1.1927897135416667,0.0,2.5853118523955345,1.0,-0.4998372395833333,1.0,-4.38963444,1.0,-0.6707198133333333,1.0,-16.11274844619,1.0,-0.91932679216067,1.0,-1.9842882603406908,1.0,-0.2604166666666667,1.0,-3.7544512756666655,0.0,0.7133045196533204,1.0,-2.8457351610000003,1.0,-2.482693594666667,0.0,0.479248046875
lunchbox,patient,1.0,-2.416055665,1.0,-2.5792026320000003,0.5,0.12053328,1.0,-0.3515625,1.0,-1.6405029296875,0.0,1.3993873745203018,1.0,-1.25,1.0,-4.23927911,1.0,-1.090583755,1.0,-12.660509882915,1.0,-3.2944564782083035,1.0,-2.579136434942484,1.0,-0.6561279296875,1.0,-6.77438983875,1.0,-0.8492016941308975,1.0,-3.374734652,1.0,-3.2814783715,0.0,0.265625
machine,agent,0.0,-1.0890712424999998,0.0,-2.360948999875,0.875,6.677808779675,0.75,0.05078125,0.0,-2.3670425415039062,0.875,0.2517533153295516,0.0,-1.1563262939453125,0.0,-4.4917157865,0.0,-1.13769933125,0.875,7.61409603035625,0.0,-0.9996757432818412,0.0,-2.0929352529346943,0.0,-0.562591552734375,0.0,-2.948151880125,0.625,-0.0511874035000801,0.0,-3.4295419778750005,0.0,-2.8505769285,0.75,0.138671875
magazine,patient,1.0,-1.9491724066666667,1.0,-1.94192058,0.0,3.86569756,0.0,0.7705891927083334,1.0,-1.6615804036458333,0.0,1.460500051577886,1.0,-0.5000813802083334,1.0,-3.430014754,1.0,-0.91267882,1.0,-10.3800615572,1.0,-1.3450012107690177,1.0,-1.940518975257873,1.0,-0.4583333333333333,1.0,-2.04106067,0.0,0.2376712163289387,1.0,-2.818372378333333,1.0,-1.9225879616666663,0.0,0.1822916666666666
maid,agent,0.0,-1.07390342,0.0,-2.02173567,1.0,6.322336796159999,0.8,0.01875,0.0,-1.09677734375,1.0,1.671656858921051,0.0,-1.0001953125,0.0,-4.7109691078,0.0,-1.1646038099999998,1.0,14.11546113728,0.0,-1.5078338503837585,0.0,-2.381900410354137,0.6,-0.01875,0.0,-2.784756504,0.8,0.3796235978603363,0.0,-2.6561598662,0.0,-3.3685956070000005,1.0,0.2125
make,patient,1.0,-0.7198982233333333,1.0,-2.2459583713333333,0.0,5.851166774133333,0.0,0.3854166666666667,1.0,-1.6039225260416667,0.0,1.106201171875,0.6666666666666666,-0.1666666666666666,1.0,-3.0542478700000006,1.0,-0.7131589900000002,1.0,-8.728922150233332,1.0,-0.6186218162377676,1.0,-2.6362454220652576,0.0,0.42724609375,1.0,-2.958342,0.0,0.5218019684155782,1.0,-2.3854812866666664,1.0,-0.7597818,0.0,0.3907877604166667
man,agent,0.0,-1.699057956,0.0,-2.216127712,0.8,2.4711804602000003,0.8,-0.003125,0.0,-1.9189697265625,0.0,-0.5496658325195313,0.0,-1.2503173828125,0.0,-3.3573656088,0.0,-1.177991454,1.0,12.383844428200002,0.0,-0.7633453607559204,0.0,-2.095930148661137,0.0,-0.11875,0.6,0.7581821,0.6,0.1147390365600585,0.0,-4.2676829612,0.0,-4.574343304200001,0.8,0.184375
marble,patient,1.0,-1.5108189266666667,1.0,-2.6081185566666667,0.0,2.333506246666667,1.0,-0.2916666666666667,1.0,-1.8130289713541667,0.0,0.5600509444872538,1.0,-1.9999593098958333,1.0,-4.603821320333334,1.0,-0.8997840966666666,0.0,2.8785619296666667,1.0,-3.727294954160849,1.0,-2.769091573854288,1.0,-1.135498046875,1.0,-4.4695900633333325,1.0,-0.8942680458227793,1.0,-2.69218306,1.0,-3.24325286,0.0,0.5520833333333334
mason,agent,1.0,0.5624394266666667,0.0,-1.9369804766666665,1.0,7.582077542733334,0.0,-0.2916666666666667,0.0,-1.6354166666666667,1.0,0.9390793144702912,0.0,-1.5833740234375,0.0,-4.175284288666667,0.0,-1.1602948266666666,1.0,14.911149109066669,0.0,-1.36247252424558,0.0,-2.2899608686566357,0.3333333333333333,-0.0208333333333333,0.0,-3.496383705,0.3333333333333333,0.0462643305460611,0.0,-2.9459747750000003,0.0,-4.253936619,1.0,0.7240397135416666
material,patient,1.0,-2.1157986,1.0,-2.1625518265,0.25,0.632571145,0.0,0.39459228515625,1.0,-2.2190093994140625,0.75,-0.0824108123779296,1.0,-1.1875,1.0,-3.57985678,1.0,-1.030067425,1.0,-16.911482503985003,1.0,-1.5102939382195473,1.0,-1.5684265904128551,1.0,-0.39849853515625,1.0,-6.412485351575,0.0,0.213440179824829,1.0,-3.66743087675,1.0,-0.9029795925,0.25,0.21875
meat,patient,1.0,-1.956932181428572,1.0,-2.3324706942857145,0.1428571428571428,1.6301435741428574,0.7142857142857143,-0.0446428571428571,1.0,-2.0242396763392856,0.0,0.1780569893973214,1.0,-2.107448032924107,1.0,-5.3053029514285726,1.0,-1.047968162857143,1.0,-18.48218316311714,1.0,-2.78873329183885,1.0,-2.358263704393591,1.0,-0.6917550223214286,1.0,-3.2217895480714285,1.0,-0.4115856673036302,1.0,-3.4846193067857145,1.0,-2.481510411714286,0.2857142857142857,0.0290178571428571
mirror,patient,1.0,-1.2603273,1.0,-2.569669041333333,0.0,5.344218385333334,0.3333333333333333,0.0208333333333333,1.0,-2.02081298828125,1.0,-0.4154281616210937,1.0,-1.0835774739583333,1.0,-4.5840556396666665,1.0,-1.2012429466666663,1.0,-16.3771379063,1.0,-1.7032064100106556,1.0,-2.484312981367111,1.0,-0.55224609375,1.0,-5.196428817466667,1.0,-0.4602753221988678,1.0,-2.694327646666667,1.0,-2.0223458666666665,0.0,0.4166666666666667
model,patient,1.0,-1.89142881,1.0,-2.033276505,0.0,4.20149241,0.5,0.0,1.0,-2.39031982421875,1.0,-0.2399101257324218,1.0,-0.874755859375,1.0,-3.875550137,1.0,-0.6007913600000001,1.0,-9.98719835493,1.0,-0.8834609836339951,1.0,-2.279993541538716,1.0,-0.140625,1.0,-5.860629404999999,1.0,-0.7246117442846297,1.0,-1.95633424,1.0,-3.0649382765,0.0,0.375
motorcycle,patient,1.0,-1.24598413,1.0,-2.041457655,0.0,2.081229135,0.0,0.359375,1.0,-1.929595947265625,1.0,-0.6943626254796982,1.0,-0.62530517578125,1.0,-4.3800604785,1.0,-0.8836731775,1.0,-12.9401376211075,1.0,-2.6281547918915757,1.0,-1.7992770783603191,1.0,-0.5235595703125,1.0,-2.6803121795,0.5,0.0814576148986816,1.0,-3.4142759785,1.0,-2.212153543,0.0,0.3671875
motorist,agent,0.0,-1.2142714625,0.0,-1.91718584,1.0,3.694127312,1.0,0.56634521484375,0.0,-1.63665771484375,0.0,-1.249109260737896,0.0,-0.5625,0.0,-2.20802307,0.0,-0.83582979,1.0,13.695568462562498,0.0,-1.239032730460167,0.0,-1.7427697367966175,1.0,0.3828125,0.0,-1.5421831575000002,0.75,0.290765032172203,0.0,-2.9611826985,0.0,-2.58184300025,1.0,0.42181396484375
mountain,patient,1.0,-2.1802226200000003,1.0,-2.300147905,0.0,0.6668494500000001,0.5,-0.0234375,1.0,-2.453216552734375,1.0,-0.562313050031662,1.0,-1.87530517578125,1.0,-5.621905678,1.0,-0.65927594,1.0,-17.5394742767,1.0,-2.275863647460937,1.0,-2.917291084304452,1.0,-0.9376220703125,1.0,-6.2771589223,1.0,-0.5159421265125275,1.0,-2.91877632,1.0,-4.1876749615,1.0,-0.1484375
mover,agent,0.0,-0.5418396650000001,0.0,-2.34615214,1.0,3.593947575,1.0,0.3828125,0.0,-2.320159912109375,1.0,0.6008377075195312,0.0,-0.624755859375,0.0,-3.3197582175,0.0,-1.09025006,1.0,14.69579125045,0.0,-1.9187392890453336,0.0,-1.7967839017510414,0.0,-0.234375,0.0,-1.076516145,0.0,-1.087696522474289,0.0,-2.4894608505,0.0,-3.3346684035000003,1.0,0.234375
mushroom,patient,1.0,-2.834917056333333,1.0,-2.72941582,1.0,-1.4443551133333334,0.3333333333333333,-0.015625,1.0,-1.281494140625,0.0,1.2022145489851634,1.0,-1.833251953125,1.0,-5.899921716166666,1.0,-1.0851331966666666,1.0,-15.495679145136668,1.0,-3.670038839181264,1.0,-2.765241637825966,1.0,-0.95849609375,1.0,-5.374025763866666,0.0,0.3614892959594727,1.0,-4.158731285666666,1.0,-3.862809713,0.3333333333333333,0.0989583333333333
musician,agent,0.0,-0.3114063399999999,0.0,-1.99348755,1.0,5.061835723166666,0.0,-0.515380859375,0.0,-1.1565755208333333,0.3333333333333333,0.1340433557828268,0.0,-1.8336181640625,0.0,-4.68893079,0.0,-0.6436271600000001,1.0,16.2582107373,0.0,-1.6956583311160405,0.0,-1.7191276550292969,1.0,0.3333333333333333,0.0,-3.224339323333333,1.0,0.5965684354305267,0.0,-2.5724860966666667,0.0,-2.3980488816666674,1.0,0.3074544270833333
narrator,agent,0.5,-0.0677395849999999,0.0,-2.0954579950000003,1.0,7.4492162021,1.0,0.1875,0.0,-1.265625,1.0,0.2463836669921874,0.0,-0.749755859375,0.0,-3.74267147,0.0,-0.84578321,1.0,15.4273197325,0.0,-1.1338348239660263,0.0,-1.3568830639123917,1.0,0.6876220703125,0.0,-3.14110785,1.0,0.0849261283874511,0.0,-3.372299565,0.0,-3.04560647,1.0,0.734130859375
notetaker,agent,0.0,-0.99240277,0.0,-1.84771255,1.0,7.80368030245,1.0,0.1484375,0.0,-1.0313720703125,1.0,0.7187919616699219,0.0,-1.25030517578125,0.0,-4.20821911,0.0,-0.80569179,1.0,14.82402226615,0.0,-0.7559166252613068,0.0,-1.9514484629035,1.0,0.484375,0.0,-5.8399604075,1.0,1.286841869354248,0.0,-4.308018508,0.0,-3.8360121485,1.0,0.461181640625
novel,patient,1.0,-1.98073826,1.0,-1.9997578033333328,0.0,3.876928254000001,0.0,1.0936686197916667,1.0,-1.5989990234375,0.6666666666666666,0.0061238606770833,0.3333333333333333,0.0,1.0,-2.953653801666667,1.0,-0.8224980299999999,1.0,-16.44656494841333,1.0,-0.6252466936906177,1.0,-1.4930423249801,0.3333333333333333,-0.03125,1.0,-4.181012679666667,0.0,1.2843892176946003,1.0,-3.299695847,0.0,0.4597979633333333,0.0,0.51025390625
novelist,agent,0.5,0.1116790800000001,0.0,-1.944951155,1.0,10.38730346995,1.0,0.6331787109375,0.0,-1.0076904296875,1.0,1.1942557990550997,0.0,-0.5,0.0,-2.57877006,0.0,-0.85974693,1.0,14.558993968085,0.0,-1.1095733791589737,0.0,-1.230823993682861,1.0,0.5625,0.0,-2.57890411,1.0,2.0889009796082973,0.0,-3.906505319,0.0,-3.0340161365,1.0,0.851318359375
orator,agent,0.0,-0.0209150649999999,0.0,-1.65967181,1.0,4.588994337999999,1.0,0.2734375,0.0,-1.34356689453125,1.0,1.1050987541675568,0.0,-0.875,0.0,-2.42079533,0.0,-0.98762519,1.0,14.08693502455,0.0,-0.4854736328125,0.0,-1.8175611644983287,1.0,0.6873779296875,1.0,1.8266797235,1.0,0.7112441658973695,0.0,-2.6143527325,0.0,-3.1940697570000003,1.0,0.6639404296875
packaging,patient,1.0,-0.855168085,1.0,-2.11523144,0.0,4.643351005,0.0,0.19140625,1.0,-1.8323974609375,0.0,0.2123098373413086,1.0,-0.50006103515625,1.0,-3.87448249225,1.0,-1.054956795,1.0,-13.729565143115002,1.0,-2.026479721069336,1.0,-2.0498178303241734,1.0,-0.6796875,1.0,-2.2928277725000004,1.0,-0.3372595310211181,1.0,-1.8619831165,1.0,-1.75985362,0.25,0.21875
painter,agent,0.25,-0.3328043549999999,0.0,-1.899500765,1.0,7.036170838575,0.75,0.05859375,0.0,-1.844024658203125,0.25,-0.1358089596033095,0.0,-1.5623779296875,0.0,-4.31119947,0.0,-0.9076552525,1.0,15.60806821385,0.0,-1.3676185607910156,0.0,-2.2930629029870038,1.0,0.171875,0.0,-6.22059268,1.0,0.321351058781147,0.0,-3.2018965180000003,0.0,-3.395086978,1.0,0.47259521484375
panel,patient,1.0,-2.4627650975,1.0,-2.30029715775,0.25,2.15175708425,0.0,0.17578125,1.0,-2.17193603515625,1.0,-0.186605453491211,1.0,-1.562591552734375,1.0,-5.41922431075,1.0,-1.0798124875,0.75,-2.5836416099750004,1.0,-0.6386184841394424,1.0,-2.5488546062260866,1.0,-0.9141845703125,1.0,-6.885166687825,0.75,-0.0656559467315673,1.0,-2.57905212675,1.0,-2.43501278575,0.25,0.2890625
paper,patient,1.0,-0.8221052875,1.0,-2.101406986,0.0,3.697674852875,0.25,-0.00390625,1.0,-2.0665435791015625,1.0,-0.2505855560302734,1.0,-1.812225341796875,1.0,-4.632109412749999,1.0,-0.712873495,1.0,-14.93127217959,1.0,-2.088195826858282,1.0,-1.5641796551644802,1.0,-1.1800537109375,1.0,-4.2459680099,1.0,-0.8855059295892715,1.0,-2.71712620075,1.0,-2.23149833675,0.0,0.3162841796875
passage,patient,1.0,-2.124133051666667,1.0,-2.293446774166666,0.6666666666666666,-1.7785496718333336,0.0,0.1302083333333333,1.0,-3.043818155924479,1.0,-0.2434463500976562,1.0,-0.8331298828125,1.0,-4.034827958166667,1.0,-1.059344946666667,1.0,-16.620086254935,1.0,-0.1680386861165364,1.0,-1.7769767493009567,1.0,-0.3072916666666667,1.0,-2.5982865816666663,0.0,0.2018486658732096,1.0,-3.4261988281666667,1.0,-0.5025534866666665,0.0,0.1458333333333333
pastry,patient,1.0,-2.3750839366666665,1.0,-2.783176311666667,1.0,-2.407665254,1.0,-0.1041666666666666,1.0,-1.7239583333333333,0.0,0.8282420039176941,1.0,-1.3332926432291667,1.0,-6.007074893333333,1.0,-1.5118605066666666,1.0,-14.785263414366668,1.0,-2.711044286688169,1.0,-2.8234637156128883,1.0,-0.5726725260416666,1.0,-7.9463746739333345,1.0,-1.0807752509911854,1.0,-5.299975428333333,1.0,-3.940560162666667,0.3333333333333333,0.1770833333333333
patissier,agent,0.3333333333333333,-0.2636186833333334,0.0,-2.2488161006666663,1.0,2.618675757666667,0.0,-0.34375,0.0,-1.4219563802083333,1.0,0.3260370890299479,0.0,-1.1663411458333333,0.0,-4.757643287,0.0,-1.09837215,1.0,13.254253118766668,0.0,-1.3843587338924408,0.0,-2.6279745250940323,1.0,0.3020833333333333,0.0,-4.1687619807,1.0,0.5921366910139718,0.0,-3.845081739,0.0,-4.9028582363333335,0.6666666666666666,0.2395833333333333
pattern,patient,1.0,-2.19630472,1.0,-2.649320266,0.8,-1.8502257456,0.2,0.01875,1.0,-3.0714599609375,1.0,-0.4750823974609375,1.0,-1.600244140625,1.0,-5.1844649526,1.0,-1.035092924,1.0,-15.49351837895,0.0,0.0432373046875,1.0,-2.4542623311281204,1.0,-0.8939453125,1.0,-7.651617834475999,1.0,-0.7269458770751953,1.0,-3.3223504136,1.0,-2.33510306,0.2,0.178125
peddler,agent,0.0,-0.6380217066666667,0.0,-2.13269228,1.0,6.808840315566667,1.0,0.296875,0.0,-1.895751953125,1.0,1.4425710042317708,0.0,-0.8331705729166666,0.0,-1.9632519,0.0,-1.4776318533333337,1.0,14.090204727133331,0.0,-0.883361836274465,0.0,-2.2157431120673814,0.6666666666666666,0.0,1.0,2.0803911333333334,1.0,1.0764611661434174,0.0,-3.47287856,0.0,-3.073347937333333,1.0,0.4791666666666667
pepper,patient,1.0,-2.1970397966666666,1.0,-2.5327104686666666,1.0,-1.842706705,0.0,0.1770833333333333,1.0,-1.5362955729166667,0.0,0.8623453577359518,1.0,-1.3329671223958333,1.0,-5.310815164,1.0,-1.207394216666667,1.0,-17.798261668576668,1.0,-3.0876515929897628,1.0,-2.5168495029211044,1.0,-0.9169108072916666,1.0,-6.100727719866666,0.0,0.1635198593139648,1.0,-3.983255642333333,1.0,-3.4179650826666665,0.0,0.3800455729166667
person,agent,0.0,-1.1229307996666664,0.0,-2.1224504645333337,0.8333333333333334,3.272624668366667,0.8,0.1562418619791666,0.0,-2.307908121744792,0.9666666666666668,0.3423538108666737,0.0,-0.9832804361979168,0.0,-4.013061279333332,0.0,-0.797660598,1.0,14.247153046581335,0.0,-0.5941899587710698,0.0,-1.730449615418911,0.0,-0.3541422526041666,0.0,-7.104273007400001,0.9333333333333332,0.3038304924964904,0.0,-3.0670560845333346,0.0,-4.28753507515,0.9,0.3609700520833333
photographer,agent,1.0,0.4380610349999999,0.0,-1.83966732,1.0,10.9439616646,1.0,0.234375,0.0,-1.62506103515625,1.0,0.0806999206542968,0.0,-0.624755859375,0.0,-3.714733535,0.0,-0.52701105,1.0,16.0320828949,0.0,-1.3465881943702698,0.0,-2.221298713237047,1.0,0.375,0.5,-0.1982030499999999,1.0,0.4647951126098633,0.0,-1.514492825,0.0,-3.3353045665,1.0,0.6248779296875
pianist,agent,0.5,-0.221601045,0.0,-1.93614582,1.0,8.1663968757,0.0,-0.390625,0.0,-1.6097412109375,1.0,0.1718292236328124,0.0,-1.37469482421875,0.0,-5.4156352635,0.0,-0.669566565,1.0,14.9672871485,0.0,-1.4663085341453552,0.0,-1.9041370823979376,1.0,0.234375,0.0,-5.6149982385,0.0,-0.2193708419799804,0.0,-2.9409917525000004,0.0,-3.256029115,1.0,0.5933837890625
piano,patient,1.0,-1.09917573,1.0,-2.30323781,0.0,5.1613984505,1.0,-0.6483154296875,1.0,-2.11676025390625,0.0,0.3966331481933595,1.0,-1.75006103515625,1.0,-6.3942109485,1.0,-0.96686736,0.0,2.685331197,1.0,-3.30184169113636,1.0,-2.045634739100933,1.0,-0.640625,1.0,-7.9849778571,1.0,-0.6931166350841521,1.0,-3.0305726925,1.0,-1.9962092,0.0,0.3515625
pie,patient,1.0,-2.3013997746666663,1.0,-2.77097862,1.0,-1.8301388733333328,0.6666666666666666,-0.0885416666666666,1.0,-2.0316569010416665,0.0,0.3255640566349029,1.0,-1.0834147135416667,1.0,-5.966793380000001,1.0,-1.50238226,1.0,-12.43693048735,1.0,-2.831522631148498,1.0,-2.9654890348513923,1.0,-0.8545735677083334,1.0,-9.804952455543331,1.0,-1.162799209356308,1.0,-5.245849258,1.0,-3.354084215,0.3333333333333333,0.1875
pilot,agent,0.1428571428571428,-0.3911933485714284,0.0,-1.672774925714286,1.0,9.25887316337143,1.0,1.0066615513392858,0.0,-1.6539829799107142,0.1428571428571428,-0.1849610464913504,0.0,-0.9286063058035714,0.0,-3.982024658571429,0.0,-0.7888406928571429,1.0,15.499803775839998,0.0,-1.1012878375394004,0.0,-1.9001427910157611,0.4285714285714285,-0.0133928571428571,0.0,-2.897938460428571,0.8571428571428571,0.530817300081253,0.0,-2.434248859142857,0.0,-2.343956845714285,1.0,0.4999302455357143
pizza,patient,1.0,-2.33773982,1.0,-2.427556973333333,1.0,-1.7598112133333332,1.0,-0.2083333333333333,1.0,-1.7447916666666667,0.0,0.3856430252393086,1.0,-1.0836588541666667,1.0,-5.152765466666667,1.0,-1.682664196666667,1.0,-16.46708265032,1.0,-2.840398179988066,1.0,-2.365506755808989,1.0,-0.7294921875,1.0,-6.010296524666667,0.0,0.3803834915161133,1.0,-4.9613613113333335,1.0,-3.306122164,0.3333333333333333,0.1302083333333333
plane,patient,1.0,-1.53389499,1.0,-2.618383888333333,0.0,4.6037245360000005,0.0,0.7288411458333334,1.0,-2.2132771809895835,0.0,0.8348388671875,1.0,-1.2497151692708333,1.0,-4.923228993,1.0,-0.9457359233333332,0.0,12.386605582346666,1.0,-1.5429941912492116,1.0,-2.173630734284719,1.0,-0.7914225260416666,1.0,-3.001818852,1.0,-0.8179327646891276,1.0,-2.8776364900000004,1.0,-1.41363199,0.0,0.3333333333333333
poem,patient,1.0,-2.08781234,1.0,-2.44635876,1.0,-2.479126075,1.0,-0.09375,1.0,-2.49920654296875,1.0,-0.2248038947582244,1.0,-1.75,1.0,-4.4501196575,1.0,-0.80240435,1.0,-17.09190294874,1.0,-1.3897819221019745,1.0,-2.093998447060585,1.0,-0.62548828125,1.0,-8.9569665165,1.0,-0.0314307212829589,1.0,-3.13707507,1.0,-1.33520219,0.0,0.1953125
poet,agent,0.5,-0.440433,0.0,-2.08673087,1.0,7.83815625025,1.0,0.375,0.0,-1.61749267578125,0.5,-0.0136489868164062,0.0,-2.00054931640625,0.0,-4.6574245075,0.0,-0.8795528699999999,1.0,15.12174122788,0.0,-1.495224043726921,0.0,-1.8515630140900612,1.0,0.3438720703125,0.0,-6.46842906475,1.0,0.8345074504613876,0.0,-3.6520383675,0.0,-3.7764746975,1.0,0.718994140625
portraitist,agent,0.75,0.220953035,0.0,-1.7598975075,1.0,8.95051696775,0.75,0.05859375,0.0,-1.804351806640625,1.0,1.2326870188117027,0.0,-1.437469482421875,0.0,-3.0559517175,0.0,-0.8743671799999999,1.0,13.8229096912,0.0,-0.4208106845617294,0.0,-1.997294008731842,1.0,0.4609375,0.5,-0.625203425,1.0,0.1373562812805175,0.0,-3.2463609075,0.0,-4.09211876525,0.75,0.35931396484375
pot,patient,1.0,-1.3135485433333336,1.0,-2.669707442,0.0,3.9990514833333335,0.3333333333333333,0.0520833333333333,1.0,-2.10357666015625,0.6666666666666666,-0.0390904744466145,1.0,-1.0000813802083333,1.0,-4.558854422666667,1.0,-1.1190611233333334,1.0,-10.796053198849998,1.0,-2.512888595461846,1.0,-2.5094184751311936,1.0,-1.1666259765625,1.0,-5.163496011233334,1.0,-0.3654410243034363,1.0,-3.3037792636666663,1.0,-2.1081930066666668,0.0,0.203125
potato,patient,1.0,-2.4576106933333333,1.0,-2.853065415,1.0,-2.33883711,0.6666666666666666,-0.0625,1.0,-1.770751953125,0.0,0.846713105837504,1.0,-1.666748046875,1.0,-6.3826618286666665,1.0,-1.56636871,1.0,-17.974970670013334,1.0,-4.170934083561103,1.0,-2.6723721846938133,1.0,-0.937744140625,1.0,-9.19078088822,1.0,-0.3473707834879556,1.0,-5.498821160000001,1.0,-4.621099437000001,0.3333333333333333,0.0833333333333333
potter,agent,1.0,1.1023226700000002,0.0,-2.1252918386666666,1.0,8.633703127066667,0.0,-0.3489583333333333,0.0,-1.6352945963541667,1.0,0.6924922068913778,0.0,-1.3336588541666667,0.0,-5.703631020333333,0.0,-0.7527733200000001,1.0,14.400322463066669,0.0,-0.9020182092984518,0.0,-2.255571370323499,0.0,-0.1875,0.0,-7.331516333433334,1.0,0.6207380394140879,0.0,-3.3078903106666666,0.0,-4.718440393666668,1.0,0.4635416666666667
product,patient,1.0,-1.6459629566666667,1.0,-2.0544630466666667,0.0,5.9197316896666665,0.0,0.59912109375,1.0,-1.8642578125,0.0,1.3991546332836151,1.0,-0.8331705729166666,1.0,-2.64542728,1.0,-0.9667180466666668,1.0,-15.863264627253336,1.0,-0.8199233710765839,1.0,-1.8938410530487693,1.0,-0.4271647135416667,0.6666666666666666,-0.6269174666666669,0.0,0.9512198766072592,1.0,-2.8934602913333336,0.3333333333333333,-0.0250254033333333,0.0,0.3958333333333333
professor,agent,0.0,-0.352927125,0.0,-1.59216888,1.0,11.71992352625,0.5,-0.078125,0.0,-1.781005859375,1.0,1.0567550361156464,0.0,-1.49981689453125,0.0,-2.039838415,0.0,-0.5930909500000001,1.0,17.106054909149996,0.0,-1.1062698066234589,0.0,-1.004090815782547,1.0,0.3751220703125,0.0,-1.3159604499999995,1.0,0.5092449188232422,0.0,-2.627363452,0.0,-3.617510632,1.0,0.679443359375
proposal,patient,1.0,-1.17386345,1.0,-1.808277105,0.0,4.9456073762,0.0,0.5782470703125,1.0,-1.99945068359375,0.0,0.3006515502929687,0.5,-0.125,1.0,-3.60899068,1.0,-1.1545181100000002,1.0,-11.486917854525,0.0,0.0485305786132812,1.0,-1.486000008881092,0.5,0.03125,1.0,-2.296651275,0.0,0.7438254058361055,1.0,-3.4390403110000003,1.0,-2.043369575,0.0,0.8436279296875
pumpkin,patient,1.0,-1.85074278,1.0,-2.61899031125,0.0,1.718292816,1.0,-0.58978271484375,1.0,-1.37481689453125,0.25,0.0685157775878906,1.0,-1.312530517578125,1.0,-6.765815355725,1.0,-1.2246227125,1.0,-15.632837219195,1.0,-3.93473440874368,1.0,-2.8981177154928446,1.0,-0.836181640625,1.0,-6.595052697915,1.0,-0.3254544734954833,1.0,-5.096716962125001,1.0,-4.59410959775,0.0,0.23828125
quilt,patient,1.0,-2.3472209925,1.0,-2.83840798375,0.5,-0.7723011927500001,1.0,-0.2421875,1.0,-2.3870391845703125,0.0,0.2545757293701171,1.0,-0.99993896484375,1.0,-4.834446327249999,1.0,-1.5696425374999998,1.0,-13.9827203192775,1.0,-1.5115699842572212,1.0,-2.3316154032945637,1.0,-0.46087646484375,1.0,-7.272256962949999,1.0,-1.089625857770443,1.0,-5.30312366525,1.0,-3.14159960375,0.5,-0.11328125
racer,agent,0.0,-1.0229404425,0.0,-2.138099621,1.0,3.71198311425,0.75,0.02734375,0.0,-1.757965087890625,0.75,0.0252342224121093,0.0,-1.5626220703125,0.0,-4.50811217375,0.0,-0.8294007124999999,1.0,9.8589151831,0.0,-1.9456176608800893,0.0,-1.7312164083123207,1.0,0.265625,0.0,-1.763844685,1.0,0.7557752430438994,0.0,-3.07228131675,0.0,-3.0672500910000005,1.0,0.46893310546875
report,patient,1.0,-2.4075142375,1.0,-1.996056435,1.0,-1.0960525849999998,0.0,0.0078125,1.0,-2.31243896484375,0.5,0.0500946044921875,1.0,-0.8748779296875,1.0,-3.564213303,1.0,-1.185118615,1.0,-17.21540158405,1.0,-0.263671875,1.0,-1.7039374858140943,0.0,0.015625,1.0,-2.36511913,0.0,1.076059341430664,1.0,-2.171472805,0.5,-0.0634426899999999,0.0,0.413818359375
roadtripper,agent,0.0,-1.31376468,0.0,-2.2952538275,1.0,1.194010335,1.0,0.2890625,0.0,-1.2972412109375,1.0,0.6067847907543182,0.0,-1.1251220703125,0.0,-3.629484912,0.0,-1.043551435,1.0,12.05869516755,0.0,-0.6022872477769851,0.0,-2.262679163366556,1.0,0.375,0.0,-2.1936363200000004,1.0,0.6311454921960831,0.0,-3.229634452,0.0,-3.9452102835,1.0,0.3515625
routine,patient,1.0,-0.98948645,1.0,-2.2735425,0.0,3.555992566,0.0,0.265625,1.0,-2.31158447265625,1.0,-0.5274009704589839,1.0,-1.5001220703125,1.0,-3.21400237,1.0,-1.36921496,0.0,4.614771796,0.0,0.2504577636718751,1.0,-1.85999782383442,1.0,-0.03125,0.0,1.91541288,0.0,0.2219552993774414,1.0,-3.058317177,1.0,-0.1820296999999999,1.0,-0.09375
salesman,agent,0.3333333333333333,-0.2582716266666667,0.0,-1.6176310699999998,1.0,12.517837817033334,1.0,1.2966715494791667,0.0,-1.1146647135416667,1.0,1.5493443806966145,0.6666666666666666,-0.166748046875,1.0,2.001408666666667,0.0,-0.6379795133333334,1.0,16.576549338613333,0.0,-0.2031707763671875,0.0,-1.5964104135831196,1.0,0.739501953125,1.0,5.0853162,1.0,2.008111909031868,0.0,-1.73511757,0.0,-1.1206818266666667,1.0,0.7447102864583334
saleswoman,agent,0.6666666666666666,0.0532568933333333,0.0,-1.8497369,1.0,11.376457148166663,1.0,1.08349609375,0.0,-0.7967936197916666,1.0,1.5655034482479095,1.0,0.0,0.0,-1.0895836566666668,0.0,-0.7324206433333332,1.0,15.939585558699996,1.0,0.3754425247510274,0.0,-1.649147962530454,1.0,0.72900390625,0.3333333333333333,-0.3420981666666666,1.0,1.8064616868893304,0.0,-1.5802777099999998,0.0,-1.913049785,1.0,0.58837890625
salmon,patient,1.0,-2.064551133333333,1.0,-2.527992766666667,1.0,-2.318925555,1.0,-0.1666666666666666,1.0,-1.7189127604166667,0.0,0.743993471066157,1.0,-1.833740234375,1.0,-6.250985043766666,1.0,-1.3669483766666666,1.0,-17.365680429973334,1.0,-3.845123264938593,1.0,-2.6708221584558487,1.0,-0.8749186197916666,1.0,-7.774797384186667,1.0,-0.172258694966634,1.0,-4.943509584533333,1.0,-3.607512954,0.3333333333333333,0.125
scene,patient,1.0,-1.31313474,1.0,-2.57165131,0.0,3.364849075,0.0,0.40625,1.0,-2.235107421875,0.0,0.2555007934570313,1.0,-0.750244140625,1.0,-2.75198535,1.0,-0.893425,1.0,-8.3127635189,1.0,-0.3771438598632812,1.0,-1.942998006939888,1.0,-0.09375,0.0,1.3924549700000002,0.0,0.27734375,1.0,-2.48510599,1.0,-0.3800257999999999,1.0,-0.015625
screw,patient,1.0,-1.1231117075,1.0,-2.2007855175,0.0,5.300659933675,0.0,0.25390625,1.0,-2.2069549560546875,1.0,-0.5735301971435547,1.0,-0.8748779296875,1.0,-5.173317775,1.0,-0.789835475,1.0,-5.19384879719,1.0,-1.836677562445402,1.0,-2.656986990943551,1.0,-0.5467529296875,0.75,-1.6276695382500002,0.5,0.0525403022766113,1.0,-1.57114133,1.0,-2.1821013595,0.25,0.32421875
scribe,agent,0.0,-0.2133720999999999,0.0,-1.995489045,1.0,8.679487366350001,0.0,-0.0625,0.0,-1.8751220703125,1.0,1.1285324543714523,0.0,-1.25006103515625,0.0,-2.06784242,0.0,-0.8676738799999999,1.0,14.73488385465,0.0,-1.2536315321922302,0.0,-1.5616865158081057,1.0,0.40625,0.5,-0.21976415,1.0,0.994532585144043,0.0,-3.574103287,0.0,-2.688224255,1.0,0.648193359375
script,patient,1.0,-2.04205055,1.0,-1.883035455,0.0,0.4207697,0.0,0.125,1.0,-2.250762939453125,0.0,0.924444243311882,1.0,-0.25,1.0,-3.481901014,1.0,-0.56982709,1.0,-16.914053435,1.0,-1.0033797919750214,1.0,-1.8578720018267632,1.0,-0.109375,1.0,-5.7597519701,0.0,0.7942676544189454,1.0,-1.491462755,1.0,-0.47208461,0.0,0.413818359375
sculptor,agent,1.0,0.8831673085714286,0.0,-1.929572421428572,1.0,10.390310186057144,0.0,-0.3951241629464285,0.0,-1.2522321428571428,1.0,0.4954419561794826,0.0,-1.3571079799107142,0.0,-2.4894480985714287,0.0,-0.8137928871428571,1.0,15.39594934147143,0.0,-1.0872344970703125,0.0,-2.2495983839035034,1.0,0.2991071428571428,0.8571428571428571,0.8603699514285713,1.0,0.5746281359876905,0.0,-2.5047455271428576,0.0,-3.5449866132857144,1.0,0.627197265625
seamster,agent,0.0,-0.8494218462500001,0.0,-2.42324128,1.0,6.1590629418375,0.0,-0.318359375,0.0,-1.693389892578125,1.0,1.2603330593556166,0.0,-1.000030517578125,0.0,-3.5014488112499995,0.0,-0.95818632875,1.0,14.0533880677125,0.0,-1.664798742160201,0.0,-2.265936163254082,1.0,0.203125,0.125,-1.8510239375,1.0,0.8862089850008488,0.0,-4.0608393795,0.0,-4.1933206555625,0.75,0.400421142578125
seamstress,agent,0.75,-0.00023943,0.0,-2.4322039870000003,0.75,5.7922077293,0.0,-0.48822021484375,0.0,-1.238311767578125,1.0,1.4602451398968697,0.0,-1.00018310546875,0.0,-3.854111905,0.0,-0.8070598099999999,1.0,13.2950320424,0.0,-1.1511001661419868,0.0,-2.421724818646908,1.0,0.21875,0.0,-3.5376997065,1.0,0.6805820465087891,0.0,-3.1723352815,0.0,-4.198882622,0.75,0.37896728515625
section,patient,1.0,-1.37354454,1.0,-2.0458461550000004,0.0,5.6688604153,0.0,0.28125,1.0,-2.468994140625,1.0,-0.3848609924316406,1.0,-1.625,1.0,-3.6082647485,1.0,-0.819253955,1.0,-7.019321483865,1.0,-0.51373291015625,1.0,-1.7082219123840332,0.0,0.21875,1.0,-1.9661531235000005,0.0,0.6903900802135468,1.0,-3.0730782210000003,1.0,-1.84198704,0.0,0.4454345703125
shirt,patient,1.0,-2.26943085,1.0,-2.4975469500000003,0.5,-0.34256373,0.5,-0.0078125,1.0,-2.062744140625,0.0,0.4042663276195526,1.0,-1.25,1.0,-3.820172635,1.0,-1.181027415,1.0,-17.98692123435,1.0,-1.2204742729663849,1.0,-2.228011555969715,1.0,-0.4375,1.0,-1.58874598,0.0,0.266329288482666,1.0,-4.2606984385,1.0,-1.7336558775000002,0.0,0.4610595703125
shopkeeper,agent,0.6666666666666666,0.0114041499999999,0.0,-1.9736951066666664,1.0,9.034189862766668,1.0,0.4634602864583333,0.0,-1.6302897135416667,1.0,1.2096939086914062,0.0,-1.25,0.0,-2.106542773333333,0.0,-0.94588653,1.0,15.971670552466668,0.0,-0.2981465657552083,0.0,-2.030193343758583,1.0,0.3020833333333333,0.0,-0.8077748800000001,1.0,1.8027082582314808,0.0,-2.9928532396666667,0.0,-2.8912552753333336,1.0,0.3697916666666667
sideburn,patient,1.0,-1.6442869433333334,1.0,-2.5375474083333334,0.0,5.984259692766666,1.0,-0.375,1.0,-2.0308837890625,1.0,-0.1420262654622395,1.0,-1.4166666666666667,1.0,-4.808567242333333,1.0,-0.8837305400000001,1.0,-11.633581281766666,1.0,-2.0099589228630066,1.0,-2.5404124980171523,1.0,-0.3020833333333333,1.0,-0.4989694433333333,1.0,-0.3569008509318034,1.0,-2.596511555,1.0,-5.256995491,0.0,0.53125
silk,patient,1.0,-1.7229909525,1.0,-2.783669852,0.25,1.53400594425,1.0,-0.20703125,1.0,-2.2227325439453125,0.0,1.0701809003949163,1.0,-1.562255859375,1.0,-5.518061063000001,1.0,-1.142963305,1.0,-17.506674204455,1.0,-3.1409416254609823,1.0,-2.594900328665972,1.0,-0.50018310546875,1.0,-7.325089215175,1.0,-1.12489652633667,1.0,-4.41273137525,1.0,-3.26708268825,0.25,0.13671875
silverware,patient,1.0,-1.3705856133333334,1.0,-2.4254906750000003,0.0,5.037245642799999,0.3333333333333333,0.0572916666666666,1.0,-1.5523681640625,0.0,1.542686477303505,1.0,-1.1666666666666667,1.0,-4.052696866000001,1.0,-0.9130439266666668,1.0,-15.161333851230005,1.0,-2.7923786838849387,1.0,-2.148824979861577,1.0,-0.4584147135416667,1.0,-1.96338046,0.0,0.2626959482828776,1.0,-2.7234667186666663,1.0,-1.9010680366666663,0.0,0.21875
singer,agent,0.0,-0.62236375,0.0,-2.13907815,1.0,6.42047108,0.0,-0.109375,0.0,-1.45263671875,1.0,1.515335112810135,0.0,-1.5001220703125,0.0,-4.3342345,0.0,-0.8163986999999999,1.0,15.9678621481,0.0,-1.4931488633155825,0.0,-1.8696899265050888,1.0,0.34375,0.0,-4.397215047,1.0,0.4109125137329101,0.0,-2.47513203,0.0,-2.0646544,1.0,0.390625
snack,patient,1.0,-2.07143866,1.0,-2.417202498,0.0,2.567109668,0.0,0.0729166666666666,1.0,-1.9527994791666667,0.0,1.1216405034065249,1.0,-1.3332926432291667,1.0,-4.37714995,1.0,-1.3576590533333333,1.0,-17.063121611019998,1.0,-2.4573415567477546,1.0,-2.407703061898549,1.0,-0.5834147135416666,1.0,-4.1788368406666665,0.0,0.5129379034042358,1.0,-3.5547906620000003,1.0,-2.5318555066666666,0.0,0.2760416666666667
soloist,agent,0.0,-0.4334342,0.0,-2.02442372,1.0,6.818903397,1.0,0.21875,0.0,-1.59423828125,1.0,0.6542816162109375,0.0,-1.49951171875,0.0,-2.35206215,0.0,-0.63898853,1.0,15.3773112563,0.0,-0.4347380995750427,0.0,-1.933688282966613,1.0,0.375,0.0,-0.57561676,1.0,0.6918372809886932,0.0,-2.948820043,0.0,-2.70403345,1.0,0.46875
sonata,patient,1.0,-1.02721616,1.0,-2.3222733200000003,0.0,1.62120604,1.0,-0.296875,1.0,-1.9063720703125,0.0,0.5376740097999573,1.0,-1.25,1.0,-4.914901177,1.0,-0.8991887299999999,0.0,2.01027738,1.0,-1.8245238214731216,1.0,-2.354379743337631,1.0,-0.09375,1.0,-0.0405215399999999,1.0,-0.9597931206226348,1.0,-3.934900036,1.0,-1.81501581,0.0,0.265625
song,patient,1.0,-1.43316622,1.0,-2.3702031100000003,0.0,2.59757605,1.0,-0.40625,1.0,-2.078857421875,1.0,-0.1253204345703124,1.0,-1.4998779296875,1.0,-4.581798547,1.0,-0.8666953800000001,0.0,5.4730347914,1.0,-1.4931945204734802,1.0,-1.6581898331642153,1.0,-0.4375,1.0,-7.393975044,0.0,0.3767518997192383,1.0,-2.988719826,1.0,-0.7967842999999999,0.0,0.0625
steak,patient,1.0,-2.313025801428572,1.0,-2.4223373325714284,0.2857142857142857,1.4715083601428571,1.0,-0.4710518973214285,1.0,-1.81005859375,0.0,0.9274281007902964,1.0,-1.6785016741071428,1.0,-5.606264161714286,1.0,-1.0967674071428573,1.0,-18.125572902651427,1.0,-2.1964830798762187,1.0,-2.289235098021371,1.0,-0.5445731026785714,1.0,-3.5781844082857144,0.0,0.4382975399494171,1.0,-3.7776158655,1.0,-2.8110880028571428,0.1428571428571428,0.1875
stone,patient,1.0,-1.029178382857143,1.0,-2.5085535712857143,0.0,3.563995447285714,1.0,-0.2924107142857143,1.0,-2.4238717215401784,0.4285714285714285,0.0531910487583705,1.0,-1.7860281808035714,1.0,-4.202341195,1.0,-1.08909332,0.8571428571428571,-7.555506303632858,1.0,-2.2432436687605724,1.0,-2.478068101618971,1.0,-0.9688197544642856,1.0,-5.830994338885715,0.5714285714285714,-0.0663016183035713,1.0,-3.1961269611428578,1.0,-3.544146377428571,0.0,0.5915876116071429
stubble,patient,1.0,-1.61139807,1.0,-2.421101451666667,0.0,3.658514462666666,0.0,0.1145833333333333,1.0,-2.0265299479166665,0.3333333333333333,0.0234146118164062,1.0,-1.4164225260416667,1.0,-3.794163336,1.0,-1.1583373533333334,1.0,-15.713920329733334,1.0,-2.610824612279733,1.0,-2.4389479209979377,1.0,-0.7708333333333334,1.0,-2.1394738846666668,1.0,-1.3674923827250798,1.0,-2.6258402333333333,1.0,-3.679514487,0.0,0.1822916666666666
student,agent,0.0,-1.2645353175,0.0,-2.24809154125,0.75,2.1487718842500003,1.0,0.2109375,0.0,-1.769561767578125,1.0,1.120305985212326,0.0,-1.75,0.0,-2.1537988250000004,0.0,-0.8036666299999999,1.0,13.9330886453125,0.0,-0.6128082051873207,0.0,-1.4225862063467505,1.0,0.0703125,0.0,-4.516086125,1.0,0.596413366496563,0.0,-3.57602855975,0.0,-3.66992741425,1.0,0.3673095703125
suitcase,patient,1.0,-2.70609773,1.0,-2.46385853,0.5,-0.33586707,0.0,0.0546875,1.0,-1.96905517578125,0.0,0.7945403903722764,1.0,-1.37506103515625,1.0,-5.61705491025,1.0,-1.195158835,1.0,-9.852518763,1.0,-2.32025146484375,1.0,-2.369639441370964,1.0,-0.8909912109375,1.0,-3.1780940085,1.0,-1.743849709630012,1.0,-2.756763275,1.0,-2.268144017,0.0,0.46875
surface,patient,1.0,-2.0376667457142856,1.0,-2.597072060857143,0.1428571428571428,3.7835862762428567,0.0,0.2299107142857142,1.0,-2.2435215541294644,0.8571428571428571,-0.2267875671386718,1.0,-1.78564453125,1.0,-2.8410045471428567,1.0,-1.4299440371428571,1.0,-17.853589155014287,1.0,-1.0911429226398468,1.0,-2.0771709510258267,1.0,-0.6651785714285714,1.0,-3.8432090812428568,1.0,-0.5253940309797015,1.0,-3.452175244142857,1.0,-1.1854341485714286,0.1428571428571428,0.15625
surgeon,agent,0.75,0.116580145,0.0,-2.057242625,1.0,9.36391876035,0.0,-0.6915283203125,0.0,-2.3125457763671875,0.75,0.063608169555664,0.0,-1.250091552734375,0.0,-4.423018625,0.0,-0.87247944,1.0,15.140821416375,0.25,-0.0589179992675781,0.0,-1.7530026398599148,1.0,0.0625,0.25,-0.576147675,1.0,0.7196517065167427,0.0,-2.783516144,0.0,-3.82945540725,0.75,0.1015625
suv,patient,1.0,-1.400458155,1.0,-2.004748035,0.0,4.657487014833333,0.0,0.5835774739583334,1.0,-2.02862548828125,0.5,0.3513297885656357,0.8333333333333334,-0.1666666666666666,1.0,-3.3819686576666665,1.0,-1.0603225683333333,0.5,-3.4210211685900007,1.0,-2.797327696035305,1.0,-2.220929160714149,1.0,-0.4374186197916667,0.0,1.6730740216666666,0.5,-0.1061895589033763,1.0,-3.1564803321666672,1.0,-1.486431361666667,0.0,0.5729166666666666
tailor,agent,0.5,-0.4054807425,0.0,-2.093022190000001,1.0,7.046784773758333,0.0,-0.4167073567708333,0.0,-1.7433369954427085,1.0,1.295097346107165,0.0,-1.5833536783854167,0.0,-3.7552293595,0.0,-0.9997180633333336,1.0,13.836443836891666,0.0,-0.4709701637427012,0.0,-1.8908467659105856,0.8333333333333334,0.0520833333333333,0.1666666666666666,-0.842137175,0.5833333333333334,0.0116426944732665,0.0,-3.724412377,0.0,-3.767012836416667,0.8333333333333334,0.4334716796875
tank,patient,1.0,-1.2411425566666667,1.0,-2.0833980866666666,0.0,7.169851951933333,0.0,0.3333333333333333,1.0,-1.7967529296875,0.3333333333333333,0.0283864339192707,1.0,-0.7501627604166666,1.0,-6.146110299666667,1.0,-1.12210529,0.0,7.251015949333333,1.0,-2.110799123843511,1.0,-2.564638140300909,1.0,-0.614501953125,1.0,-3.682828194666667,0.6666666666666666,-0.2255188524723054,1.0,-3.045968316,1.0,-1.6360579166666664,0.0,0.21875
teacher,agent,0.0,-0.1635057799999999,0.0,-2.076767045,1.0,8.1869063999,0.0,-0.234375,0.0,-1.882568359375,0.0,-0.3681259155273438,0.0,-1.249755859375,0.0,-2.45166084,0.0,-0.50739476,1.0,17.01976091283,0.0,-0.617279052734375,0.0,-1.5173802450299263,1.0,0.4998779296875,0.0,-3.7468260619999993,0.5,0.0794906616210937,0.0,-3.0499702610000003,0.0,-3.31655869,1.0,0.468505859375
telemarketer,agent,0.0,-1.3795942500000002,0.0,-1.5082377500000002,1.0,8.736933031466668,1.0,0.9532063802083334,0.0,-1.1455891927083333,1.0,1.1751225888729098,0.0,-0.5830891927083334,0.0,-1.1091091533333333,0.0,-0.64955841,1.0,14.105490568,0.0,-0.1770299275716146,0.0,-1.4949728548526764,1.0,0.4374186197916667,1.0,1.9692353733333332,1.0,1.7203060388565063,0.0,-1.32110264,0.0,-1.86282663,1.0,0.4168294270833333
tent,patient,1.0,-2.5265633750000003,1.0,-2.710645475,0.5,0.56366391,0.0,0.03125,1.0,-2.18023681640625,0.0,0.6453208923339845,1.0,-1.625,1.0,-5.3468215400000005,1.0,-1.22434239,1.0,-12.139132565285,1.0,-1.901885971426964,1.0,-2.548960719257593,1.0,-0.7811279296875,1.0,-6.012336610249999,1.0,-1.6490869373083117,1.0,-2.7486017625,1.0,-2.55181249,0.5,-0.0078125
thread,patient,1.0,-1.8273112125,1.0,-2.453150786,0.25,1.255773195,0.0,0.4453125,1.0,-2.090316772460937,0.5,0.0005092620849609,1.0,-2.1246490478515625,1.0,-4.808864194,1.0,-1.0599913749999998,1.0,-13.9860535951025,1.0,-1.099384322762489,1.0,-2.41743016988039,1.0,-0.8983154296875,1.0,-8.54415592245,0.25,0.1944997310638428,1.0,-3.802579406,1.0,-2.569458359,0.25,0.3944091796875
toy,patient,1.0,-2.171153456666667,1.0,-2.544967065,0.0,4.599139373666667,0.0,0.3697916666666667,1.0,-1.7655029296875,0.0,1.187418619791667,1.0,-1.0,1.0,-4.223907287333334,1.0,-1.0511429833333332,1.0,-15.592616702753332,1.0,-2.0723877350489297,1.0,-1.7518643985191975,1.0,-0.4895833333333333,1.0,-3.343010307666667,1.0,-0.271766980489095,1.0,-2.497271142,1.0,-2.1714934953333334,0.0,0.52587890625
tractor,patient,1.0,-0.6551093633333334,1.0,-2.07595826,0.0,5.538259994666667,0.0,0.3385416666666667,1.0,-1.885986328125,0.0,0.3052469889322917,1.0,-0.7500813802083334,1.0,-4.276954136333334,1.0,-0.9445200633333332,0.0,12.587579345453332,1.0,-1.5437215318282445,1.0,-2.120269464949766,1.0,-0.2083333333333333,0.3333333333333333,0.1001593333333333,0.3333333333333333,0.1556084950764974,1.0,-3.625708057,1.0,-1.69687516,0.0,0.593994140625
trader,agent,0.0,-0.3074448533333333,0.0,-1.7472407166666664,1.0,8.337214161,1.0,0.9374186197916666,0.0,-1.6669921875,1.0,1.2342860003312428,0.0,-1.083251953125,0.0,-1.2090561333333334,0.0,-1.1023406999999998,1.0,15.200756529213336,0.0,-0.4462814331054687,0.0,-1.3938287297884624,1.0,0.2916666666666667,0.0,-1.1577663166666667,1.0,1.9048715978860853,0.0,-2.950236182333333,0.0,-2.075249003333333,1.0,0.6563313802083334
traveller,agent,0.0,-1.3703429,0.0,-1.931165855,1.0,2.09337056,1.0,0.4451904296875,0.0,-1.28857421875,1.0,0.7056121677160262,0.0,-1.625,0.0,-2.77982019,0.0,-1.087080855,1.0,13.17037602745,0.0,-1.06584170460701,0.0,-1.8471303060650823,1.0,0.203125,0.0,-2.56952333,0.5,0.1579208374023437,0.0,-2.9194583885,0.0,-3.702081556,1.0,0.398193359375
truck,patient,1.0,-1.32942438,1.0,-2.1874110366666666,0.0,6.6000382197,0.0,0.2708333333333333,1.0,-1.9947509765625,0.6666666666666666,0.0034052530924479,1.0,-0.58349609375,1.0,-4.682516511666667,1.0,-1.4522532933333334,0.0,8.631966767233335,1.0,-1.611724848548571,1.0,-2.3780838499466577,1.0,-0.5519205729166666,0.0,2.050836758333334,0.0,0.7544148862361908,1.0,-3.828361971,1.0,-1.0354013,0.0,0.28125
tub,patient,1.0,-2.071513135,1.0,-2.93000804,0.5,0.0064652299999999,1.0,-0.140625,1.0,-2.39837646484375,0.0,0.4531631171703338,1.0,-1.374755859375,1.0,-4.528677780000001,1.0,-1.631345635,1.0,-14.52568389275,1.0,-1.7091827243566515,1.0,-2.126046646386385,1.0,-0.6875,1.0,-2.449102231,1.0,-0.4115209877490997,1.0,-3.7455805865,1.0,-2.530391889,0.5,0.0625
tuna,patient,1.0,-2.24771687,1.0,-2.8282108466666664,1.0,-2.2781404866666666,1.0,-0.2447916666666666,1.0,-1.4636637369791667,0.0,0.7907275855541229,1.0,-1.7500813802083333,1.0,-5.732698104333333,1.0,-1.47687018,1.0,-16.39953602851,1.0,-4.2912698574364185,1.0,-2.690746250251929,1.0,-0.854248046875,1.0,-4.8942607301,1.0,-0.344056765238444,1.0,-4.465825469333333,1.0,-3.689709749666666,0.3333333333333333,0.1875
turkey,patient,1.0,-1.351442825,1.0,-2.5648737435,0.0,3.1287163065,0.5,-0.00390625,1.0,-1.4415283203125,0.0,0.2819423675537109,1.0,-1.6878662109375,1.0,-5.983606579825,1.0,-0.8967233425,1.0,-14.9773621484025,1.0,-2.324569769203663,1.0,-2.2295634541660547,1.0,-0.2578125,1.0,-7.4654240685575,0.5,0.0257315635681152,1.0,-3.69651165525,1.0,-4.730799028,0.0,0.328125
upholsterer,agent,0.5,-0.32909231,0.0,-2.1628035575,1.0,6.4773518478500005,0.0,-0.09375,0.0,-1.06231689453125,1.0,0.9524994120001794,0.0,-1.1873779296875,0.0,-3.2988799,0.0,-1.1442961175000002,1.0,12.792527025799998,0.0,-0.5695113986730576,0.0,-1.6810433752834797,1.0,0.34375,1.0,4.575654975000001,1.0,0.8106977641582489,0.0,-4.043741021500001,0.0,-3.9450627515,0.75,0.23046875
valve,patient,1.0,-1.1313676849999998,1.0,-2.5217513125,0.0,4.8350887225,0.0,0.19921875,1.0,-2.214569091796875,1.0,-0.0727825164794921,1.0,-0.62506103515625,1.0,-5.030403492,1.0,-0.7323126950000001,1.0,-5.19433410975,1.0,-1.2078476026654243,1.0,-2.203981162980199,1.0,-1.11712646484375,0.5,1.3855716450000002,1.0,-0.5785703659057617,1.0,-2.3445131325,1.0,-1.444991985,0.0,0.38671875
van,patient,1.0,-1.6241237933333337,1.0,-2.260655735333333,0.0,4.118096446,0.0,0.52587890625,1.0,-2.1043497721354165,1.0,-0.6221237381299337,0.0,0.416748046875,1.0,-3.926776084,1.0,-0.8818480666666667,0.0,9.611839346466668,1.0,-2.009918183088302,1.0,-2.295847229659558,1.0,-0.3645833333333333,0.0,2.191950368666667,0.3333333333333333,0.202826162179311,1.0,-3.617596186,1.0,-2.063795708666667,0.0,0.265625
vegetable,patient,1.0,-2.474425592,1.0,-2.614420491333333,1.0,-2.517729097666667,0.3333333333333333,0.015625,1.0,-2.0108642578125,0.0,0.6269658406575521,1.0,-1.499755859375,1.0,-6.213072313333334,1.0,-1.27681729,1.0,-17.64404653557,1.0,-2.56589762121439,1.0,-2.590346321463585,1.0,-1.0209147135416667,1.0,-6.324844538433333,1.0,-0.7641900281111399,1.0,-5.368264047500001,1.0,-3.1585014066666663,0.3333333333333333,0.1041666666666666
vehicle,patient,1.0,-1.00024216,1.0,-1.9638658,0.0,4.732695712433333,0.0,0.328125,1.0,-2.062255859375,1.0,-0.3472315669059753,0.6666666666666666,-0.0833333333333333,1.0,-3.418497196666667,1.0,-1.1504194833333334,0.0,11.159519630733334,1.0,-1.68263754248619,1.0,-2.2340669706463814,1.0,-0.7392578125,0.0,3.36267616,0.3333333333333333,0.0313790639241536,1.0,-3.367811216333333,1.0,-0.51311814,0.0,0.3489583333333333
verse,patient,1.0,-1.959930855,1.0,-2.4763822325,1.0,-2.8200477015,1.0,-0.078125,1.0,-3.250106811523437,1.0,-0.8096084594726564,1.0,-0.874755859375,1.0,-4.76743495,1.0,-1.036330245,1.0,-16.678387116625,1.0,-0.5829315185546874,1.0,-2.339697383344173,1.0,-0.234375,1.0,-5.767077195000001,0.0,0.099151611328125,1.0,-2.6768350620000003,1.0,-0.93342926,0.0,0.1328125
view,patient,1.0,-2.856066755,1.0,-2.498732438,0.0,0.33463394,0.0,0.4375,1.0,-2.827850341796875,1.0,-0.1329612731933593,1.0,-0.75048828125,1.0,-3.820353877,1.0,-1.02795313,1.0,-17.248483463250004,0.0,0.0395660400390624,1.0,-2.395604588091373,1.0,-0.0625,1.0,-4.8267395405,0.0,0.2008819580078124,1.0,-1.33747568,1.0,-1.5797153,0.0,0.09375
violin,patient,1.0,-1.01544569,1.0,-2.394730385,0.0,4.8810376918,1.0,-0.5859375,1.0,-1.75848388671875,0.0,0.8272209614515305,1.0,-1.624755859375,1.0,-6.93214253775,1.0,-0.50715825,0.5,0.46223257,1.0,-3.652778694406152,1.0,-2.3033881783485413,1.0,-0.59375,1.0,-8.43497913165,1.0,-0.6934704631567001,1.0,-2.83701184,1.0,-2.636261848,0.0,0.46875
violinist,agent,0.0,-0.4831074649999999,0.0,-1.922568355,1.0,7.941484691599999,0.0,-0.546875,0.0,-0.992431640625,1.0,0.5794334262609481,0.0,-1.50006103515625,0.0,-5.976855285,0.0,-0.4307146049999999,1.0,14.80532541123,0.0,-2.019058272242546,0.0,-1.9957737103104591,1.0,0.3125,0.0,-4.5340350455,0.0,-0.2378129959106444,0.0,-2.585391275,0.0,-3.505313784,1.0,0.586181640625
waiter,agent,0.3333333333333333,-0.3959072533333334,0.0,-2.1666599866666667,1.0,8.788057135,0.0,-0.5259602864583334,0.0,-1.5834554036458333,1.0,1.855153411626816,0.0,-1.0829264322916667,0.0,-3.499359473333333,0.0,-1.039405073333333,1.0,14.041590361196668,0.0,-0.7469736933708191,0.0,-1.9741436392068863,0.6666666666666666,0.03125,1.0,1.0768578533333335,1.0,1.043561319510142,0.0,-2.059858236666667,0.0,-3.131854838,1.0,0.1614583333333333
waitress,agent,0.3333333333333333,-0.4324845133333333,0.0,-2.556016325333333,1.0,8.312761899466667,0.0,-0.702880859375,0.0,-1.333251953125,1.0,1.480756123860677,0.0,-0.9998372395833334,0.0,-4.927533753333333,0.0,-0.9624475066666668,1.0,14.272352794600002,0.0,-0.8241984049479166,0.0,-2.1465381061037383,0.6666666666666666,0.0729166666666666,0.0,-4.3254847886666665,1.0,1.0217450360457103,0.0,-1.7888442166666667,0.0,-3.912553924,0.6666666666666666,0.1041666666666666
wall,patient,1.0,-2.5092747525000005,1.0,-2.4598374400000003,0.25,1.864096808,0.75,-0.10546875,1.0,-2.519378662109375,0.5,0.0271015167236328,1.0,-2.0625152587890625,1.0,-4.471310126,1.0,-0.8769445524999999,1.0,-15.643888506335,1.0,-1.365438461303711,1.0,-2.446605708450079,1.0,-0.99212646484375,1.0,-8.05888428453,1.0,-0.1411311626434325,1.0,-2.94740703275,1.0,-2.5823840225000003,0.25,0.171875
window,patient,1.0,-1.28391151,1.0,-2.323860138333333,0.0,5.578824589166666,0.0,0.3072916666666667,1.0,-1.8072509765625,0.0,1.1285705467065177,1.0,-0.9165852864583334,1.0,-3.379054942,1.0,-0.89584476,1.0,-16.283731805133332,1.0,-0.888707439104716,1.0,-1.9602617025375368,1.0,-0.4166666666666667,1.0,-1.2933594466666667,0.3333333333333333,0.1127214431762695,1.0,-2.382497838666666,1.0,-1.2084651966666666,0.0,0.35400390625
windshield,patient,1.0,-1.377802596,1.0,-2.38488567,0.0,4.6858163818,0.2,0.209375,1.0,-1.531494140625,0.0,0.8433502018451691,1.0,-1.05029296875,1.0,-3.1945138068000003,1.0,-1.10543478,1.0,-17.198449617131995,1.0,-2.834902939200401,1.0,-2.3427303433418274,1.0,-0.2625,0.8,-1.3513808260000002,0.0,0.6556688368320465,1.0,-2.875191718,1.0,-1.1309299200000005,0.0,0.484521484375
woman,agent,0.0,-0.904213148,0.0,-2.627901595,0.8,3.4580114812800007,0.0,-0.16875,0.0,-1.593603515625,0.0,-1.126564049720764,0.0,-1.6498779296875,0.0,-6.0036749772,0.0,-1.0807616860000002,1.0,13.494830293400003,0.0,-1.171405017375946,0.0,-2.6171086937189103,0.0,-0.19375,0.0,-6.2590481686,0.0,-0.4592931687831879,0.0,-3.6162737042,0.0,-5.3582097740000005,0.8,0.065625
wood,patient,1.0,-1.7760058136363637,1.0,-2.4230263510909094,0.0909090909090909,2.483506798363636,0.6363636363636364,-0.2272283380681818,1.0,-1.9929365678267048,0.0909090909090909,0.2734017859805714,1.0,-2.0225830078125,1.0,-4.454431251454546,1.0,-0.9970793390909092,1.0,-16.069317821065454,1.0,-2.357570990920067,1.0,-2.421515758741985,1.0,-0.9120427911931818,1.0,-5.3773612308272725,1.0,-0.4790378023277629,1.0,-3.5886859538181826,1.0,-3.6275434038181817,0.0909090909090909,0.2428977272727272
wool,patient,1.0,-2.9490939048,1.0,-3.0203579306000004,0.6,-0.443553902,0.0,0.16875,1.0,-1.971435546875,0.0,0.8786529481410981,1.0,-1.8001953125,1.0,-5.9187639908,1.0,-0.8500251760000002,1.0,-15.841530548546,1.0,-3.268283048272133,1.0,-2.598866309225559,1.0,-0.724853515625,1.0,-7.876144705092,1.0,-1.0435569524765014,1.0,-4.5594116622000005,1.0,-3.8276963358,0.2,0.415625
worker,agent,0.0,-1.0688366825,0.0,-2.1878641935000003,1.0,4.6433922700000005,0.5,0.03125,0.0,-1.874481201171875,1.0,0.3601188808679581,0.0,-1.437225341796875,0.0,-2.4507866525,0.0,-1.06231734,1.0,11.840908890424998,0.0,-0.3477478176355362,0.0,-1.6010549031198025,0.75,0.03125,1.0,2.6463817910000005,1.0,1.077784813940525,0.0,-3.16224621425,0.0,-3.163099513,1.0,0.51568603515625
wound,patient,1.0,-2.33309452625,1.0,-2.8012941125,0.25,1.0713104587500002,1.0,-0.3359375,1.0,-2.4609527587890625,1.0,-0.3149147033691405,1.0,-2.062728881835937,1.0,-5.018507807,1.0,-1.50354054,1.0,-17.726025849499997,1.0,-0.5823554992675781,1.0,-2.8319778693839908,1.0,-0.359375,1.0,-5.96523150095,0.0,0.3662381172180174,1.0,-4.70408923,1.0,-2.6909242685,0.25,-0.02734375
yarn,patient,1.0,-2.414243158,1.0,-2.9778329555999994,0.8,-0.8720049119999999,0.2,0.03125,1.0,-2.1471923828125,0.4,0.1367690920829773,1.0,-1.5499755859375,1.0,-5.0975700118,1.0,-0.938702382,1.0,-11.438081258931998,1.0,-2.6198882833123207,1.0,-2.389264629781246,1.0,-0.831201171875,1.0,-6.369327112128,1.0,-0.8699865221977234,1.0,-4.8028743642,1.0,-2.8849865168,0.2,0.471923828125
