verb,gpt3-davinci_subj_acc,gpt3-davinci_subj_avg_LL_delta,gpt3-davinci_obj_acc,gpt3-davinci_obj_avg_LL_delta,gpt3-babbage_subj_acc,gpt3-babbage_subj_avg_LL_delta,gpt3-babbage_obj_acc,gpt3-babbage_obj_avg_LL_delta,text-davinci-001_subj_acc,text-davinci-001_subj_avg_LL_delta,text-davinci-001_obj_acc,text-davinci-001_obj_avg_LL_delta,bloom-1b1_subj_acc,bloom-1b1_subj_avg_LL_delta,bloom-1b1_obj_acc,bloom-1b1_obj_avg_LL_delta,bloom-3b_subj_acc,bloom-3b_subj_avg_LL_delta,bloom-3b_obj_acc,bloom-3b_obj_avg_LL_delta,gpt2-x_subj_acc,gpt2-x_subj_avg_LL_delta,gpt2-x_obj_acc,gpt2-x_obj_avg_LL_delta,bloom-560m_subj_acc,bloom-560m_subj_avg_LL_delta,bloom-560m_obj_acc,bloom-560m_obj_avg_LL_delta,gpt3-ada_subj_acc,gpt3-ada_subj_avg_LL_delta,gpt3-ada_obj_acc,gpt3-ada_obj_avg_LL_delta,gpt3-curie_subj_acc,gpt3-curie_subj_avg_LL_delta,gpt3-curie_obj_acc,gpt3-curie_obj_avg_LL_delta,text-davinci-003_subj_acc,text-davinci-003_subj_avg_LL_delta,text-davinci-003_obj_acc,text-davinci-003_obj_avg_LL_delta,gpt2-medium_subj_acc,gpt2-medium_subj_avg_LL_delta,gpt2-medium_obj_acc,gpt2-medium_obj_avg_LL_delta,gpt2-xl_subj_acc,gpt2-xl_subj_avg_LL_delta,gpt2-xl_obj_acc,gpt2-xl_obj_avg_LL_delta,bloom-1b7_subj_acc,bloom-1b7_subj_avg_LL_delta,bloom-1b7_obj_acc,bloom-1b7_obj_avg_LL_delta,text-ada-001_subj_acc,text-ada-001_subj_avg_LL_delta,text-ada-001_obj_acc,text-ada-001_obj_avg_LL_delta,gpt2-large_subj_acc,gpt2-large_subj_avg_LL_delta,gpt2-large_obj_acc,gpt2-large_obj_avg_LL_delta,text-curie-001_subj_acc,text-curie-001_subj_avg_LL_delta,text-curie-001_obj_acc,text-curie-001_obj_avg_LL_delta,text-babbage-001_subj_acc,text-babbage-001_subj_avg_LL_delta,text-babbage-001_obj_acc,text-babbage-001_obj_avg_LL_delta,bloom-7b1_subj_acc,bloom-7b1_subj_avg_LL_delta,bloom-7b1_obj_acc,bloom-7b1_obj_avg_LL_delta
bakes,0.8809523809523809,0.8226437291666665,0.119047619047619,0.1681547619047619,0.119047619047619,-0.4792771733333332,0.119047619047619,0.1681547619047619,0.9761904761904762,3.5510933239214277,0.119047619047619,0.1681547619047619,0.4285714285714285,-0.097074962797619,0.119047619047619,0.1681547619047619,1.0,2.174407958984375,0.119047619047619,0.1681547619047619,0.0714285714285714,-0.7087385448671523,0.119047619047619,0.1681547619047619,0.0,-0.9464372907366072,0.119047619047619,0.1681547619047619,0.0,-3.725468885952381,0.119047619047619,0.1681547619047619,0.0,-0.6781192973809522,0.119047619047619,0.1681547619047619,1.0,15.587249418611194,0.119047619047619,0.1681547619047619,0.0,-0.7422061229035968,0.119047619047619,0.1681547619047619,0.8809523809523809,0.438624239393643,0.119047619047619,0.1681547619047619,0.9761904761904762,0.4121675037202381,0.119047619047619,0.1681547619047619,0.0,-4.032781722776191,0.119047619047619,0.1681547619047619,0.8809523809523809,0.7953680906267393,0.119047619047619,0.1681547619047619,0.0,-1.3551324045000002,0.119047619047619,0.1681547619047619,0.9523809523809524,1.7023981893571427,0.119047619047619,0.1681547619047619,1.0,0.2764253162202381,0.119047619047619,0.1681547619047619
carves,1.0,1.8205564729166668,0.0,0.42181396484375,0.3541666666666667,-0.0401890327083333,0.0,0.42181396484375,1.0,7.483880769316666,0.0,0.42181396484375,0.3333333333333333,-0.1933797200520833,0.0,0.42181396484375,1.0,2.271931966145833,0.0,0.42181396484375,0.25,-0.4756830635791023,0.0,0.42181396484375,0.0,-0.9375178019205728,0.0,0.42181396484375,0.0,-3.5899372048125007,0.0,0.42181396484375,0.0,-0.4262798504166669,0.0,0.42181396484375,1.0,16.438299116390834,0.0,0.42181396484375,0.0,-0.800988445058465,0.0,0.42181396484375,0.9166666666666666,0.7592929064606627,0.0,0.42181396484375,0.9166666666666666,0.3977813720703125,0.0,0.42181396484375,0.0833333333333333,-2.612660819597917,0.0,0.42181396484375,0.9166666666666666,0.9178933358440796,0.0,0.42181396484375,0.1875,-0.282111816875,0.0,0.42181396484375,1.0,2.8750283394166662,0.0,0.42181396484375,1.0,0.5602162679036459,0.0,0.42181396484375
cleans,0.5740740740740741,0.0697527716666666,0.074074074074074,0.3119122540509259,0.2592592592592592,-0.1913580855555555,0.074074074074074,0.3119122540509259,1.0,6.769449166403704,0.074074074074074,0.3119122540509259,0.7222222222222222,0.2885425708912037,0.074074074074074,0.3119122540509259,1.0,2.5072077998408564,0.074074074074074,0.3119122540509259,0.2222222222222222,-0.5226526188629644,0.074074074074074,0.3119122540509259,0.0,-0.9351444950810184,0.074074074074074,0.3119122540509259,0.0,-2.7129573059259258,0.074074074074074,0.3119122540509259,0.0,-0.5218532024074074,0.074074074074074,0.3119122540509259,1.0,16.983716653501105,0.074074074074074,0.3119122540509259,0.0555555555555555,-0.4347080621454451,0.074074074074074,0.3119122540509259,1.0,0.9603350877209946,0.074074074074074,0.3119122540509259,0.9629629629629628,0.5063838252314815,0.074074074074074,0.3119122540509259,0.6666666666666666,0.7092328507962963,0.074074074074074,0.3119122540509259,1.0,1.3470537347926037,0.074074074074074,0.3119122540509259,0.3148148148148148,-0.2263968722222221,0.074074074074074,0.3119122540509259,1.0,3.9248216328148153,0.074074074074074,0.3119122540509259,1.0,0.4519766348379629,0.074074074074074,0.3119122540509259
cooks,0.8,0.6671859836888889,0.1555555555555555,0.1680555555555555,0.1111111111111111,-0.3365199766666666,0.1555555555555555,0.1680555555555555,1.0,3.5660513597511114,0.1555555555555555,0.1680555555555555,0.4666666666666667,-0.0319390190972222,0.1555555555555555,0.1680555555555555,1.0,2.160903591579861,0.1555555555555555,0.1680555555555555,0.2666666666666666,-0.4281739546193017,0.1555555555555555,0.1680555555555555,0.0,-1.1944471571180555,0.1555555555555555,0.1680555555555555,0.0,-3.6216904947111113,0.1555555555555555,0.1680555555555555,0.0444444444444444,-0.5319862822222221,0.1555555555555555,0.1680555555555555,1.0,14.520210689167328,0.1555555555555555,0.1680555555555555,0.0,-0.7249955879317389,0.1555555555555555,0.1680555555555555,1.0,0.8295867913299136,0.1555555555555555,0.1680555555555555,0.8666666666666667,0.1715277777777777,0.1555555555555555,0.1680555555555555,0.0444444444444444,-3.184722765237778,0.1555555555555555,0.1680555555555555,1.0,1.2202106518877878,0.1555555555555555,0.1680555555555555,0.1777777777777777,-0.9010536884444444,0.1555555555555555,0.1680555555555555,1.0,2.999975939066668,0.1555555555555555,0.1680555555555555,1.0,0.29130859375,0.1555555555555555,0.1680555555555555
cuts,0.9,1.070539355125,0.025,0.311737060546875,0.475,-0.1416928304999999,0.025,0.311737060546875,1.0,7.5616434964425,0.025,0.311737060546875,0.6,-0.01795654296875,0.025,0.311737060546875,1.0,2.316145324707031,0.025,0.311737060546875,0.1,-0.7916352674365044,0.025,0.311737060546875,0.0,-0.9625213623046877,0.025,0.311737060546875,0.0,-3.2910978498,0.025,0.311737060546875,0.0,-0.4082461525,0.025,0.311737060546875,1.0,16.662659752152003,0.025,0.311737060546875,0.0,-0.7294957958161831,0.025,0.311737060546875,1.0,0.992326144129038,0.025,0.311737060546875,0.975,0.2601318359375,0.025,0.311737060546875,0.5,0.089823841375,0.025,0.311737060546875,0.6,0.1280142322182655,0.025,0.311737060546875,0.4,-0.2322623414999998,0.025,0.311737060546875,1.0,3.3868840556000004,0.025,0.311737060546875,1.0,0.4148193359375,0.025,0.311737060546875
drives,1.0,1.4852755597222225,0.0277777777777777,0.2916463216145833,0.4444444444444444,0.0614998980555555,0.0277777777777777,0.2916463216145833,1.0,6.380500049619443,0.0277777777777777,0.2916463216145833,1.0,0.7561509874131944,0.0277777777777777,0.2916463216145833,1.0,2.2560238308376737,0.0277777777777777,0.2916463216145833,0.1666666666666666,-0.7479203591744105,0.0277777777777777,0.2916463216145833,0.1666666666666666,-0.4305487738715278,0.0277777777777777,0.2916463216145833,0.0,-3.364644961777777,0.0277777777777777,0.2916463216145833,0.0,-0.4377444474999999,0.0277777777777777,0.2916463216145833,1.0,20.23138309722667,0.0277777777777777,0.2916463216145833,0.0,-0.8261069133877754,0.0277777777777777,0.2916463216145833,1.0,0.5006066444847319,0.0277777777777777,0.2916463216145833,0.9722222222222222,0.328125,0.0277777777777777,0.2916463216145833,0.4166666666666667,-0.2374462443055555,0.0277777777777777,0.2916463216145833,0.9722222222222222,0.9291859484381146,0.0277777777777777,0.2916463216145833,0.0277777777777777,-0.8296013183333332,0.0277777777777777,0.2916463216145833,1.0,5.4497284375,0.0277777777777777,0.2916463216145833,1.0,0.37408447265625,0.0277777777777777,0.2916463216145833
embroiders,0.5357142857142857,0.1162510992857142,0.0714285714285714,0.2226736886160714,0.0,-0.8752409571428572,0.0714285714285714,0.2226736886160714,0.9642857142857144,4.701889291135714,0.0714285714285714,0.2226736886160714,0.5714285714285714,-0.04974365234375,0.0714285714285714,0.2226736886160714,1.0,2.0210113525390625,0.0714285714285714,0.2226736886160714,0.3571428571428571,-0.324067656482969,0.0714285714285714,0.2226736886160714,0.0,-0.999969482421875,0.0714285714285714,0.2226736886160714,0.0,-3.6852181519285714,0.0714285714285714,0.2226736886160714,0.1428571428571428,-0.3304627414285714,0.0714285714285714,0.2226736886160714,1.0,14.87675109753,0.0714285714285714,0.2226736886160714,0.0,-0.6516425950186593,0.0714285714285714,0.2226736886160714,0.9642857142857144,0.5395617453115327,0.0714285714285714,0.2226736886160714,0.9642857142857144,0.3258928571428571,0.0714285714285714,0.2226736886160714,0.1785714285714285,-1.5817110662499996,0.0714285714285714,0.2226736886160714,0.5357142857142857,0.0790945046714374,0.0714285714285714,0.2226736886160714,0.4285714285714285,-0.3860004757142857,0.0714285714285714,0.2226736886160714,0.9642857142857144,2.131370139428572,0.0714285714285714,0.2226736886160714,0.9642857142857144,0.3459647042410714,0.0714285714285714,0.2226736886160714
flies,1.0,1.6198125429166668,0.0,0.2643229166666667,0.5833333333333334,0.16626376,0.0,0.2643229166666667,1.0,7.857436879450002,0.0,0.2643229166666667,1.0,1.0319366455078125,0.0,0.2643229166666667,1.0,2.5206209818522134,0.0,0.2643229166666667,0.375,0.2125301448007424,0.0,0.2643229166666667,0.0,-0.9687093098958334,0.0,0.2643229166666667,0.0,-3.342110757375,0.0,0.2643229166666667,0.0,-0.3216631299999999,0.0,0.2643229166666667,1.0,19.15585137264625,0.0,0.2643229166666667,0.125,-0.6018594019114971,0.0,0.2643229166666667,1.0,0.9067269153892994,0.0,0.2643229166666667,1.0,0.52606201171875,0.0,0.2643229166666667,0.5,-0.1195070451250001,0.0,0.2643229166666667,0.9166666666666666,0.5621836992601553,0.0,0.2643229166666667,0.5,-0.1073511104166666,0.0,0.2643229166666667,1.0,5.0153135236875,0.0,0.2643229166666667,1.0,0.4134114583333333,0.0,0.2643229166666667
knits,0.8857142857142857,0.4793125082857143,0.1428571428571428,0.2236258370535714,0.0,-0.7297859511428572,0.1428571428571428,0.2236258370535714,0.8857142857142857,3.9023283664257136,0.1428571428571428,0.2236258370535714,0.4571428571428571,-0.0272739955357142,0.1428571428571428,0.2236258370535714,1.0,2.031614467075893,0.1428571428571428,0.2236258370535714,0.1428571428571428,-0.8481961888926369,0.1428571428571428,0.2236258370535714,0.0,-1.0928815569196428,0.1428571428571428,0.2236258370535714,0.0,-3.982388487657143,0.1428571428571428,0.2236258370535714,0.0571428571428571,-0.4010353265714285,0.1428571428571428,0.2236258370535714,1.0,15.236651786797712,0.1428571428571428,0.2236258370535714,0.1428571428571428,-0.3391264770712171,0.1428571428571428,0.2236258370535714,1.0,1.0849622207028524,0.1428571428571428,0.2236258370535714,1.0,0.3500279017857143,0.1428571428571428,0.2236258370535714,0.1142857142857142,-2.4363765627371423,0.1428571428571428,0.2236258370535714,0.6571428571428571,0.1688840674502509,0.1428571428571428,0.2236258370535714,0.4857142857142857,-0.5246935499142859,0.1428571428571428,0.2236258370535714,0.9142857142857144,1.787556977885714,0.1428571428571428,0.2236258370535714,0.8857142857142857,0.3786202566964285,0.1428571428571428,0.2236258370535714
packs,0.575,0.278859059,0.075,0.316754150390625,0.225,-0.2735859297499999,0.075,0.316754150390625,1.0,4.805211234625001,0.075,0.316754150390625,0.8,0.177734375,0.075,0.316754150390625,1.0,2.421097564697265,0.075,0.316754150390625,0.15,-0.4025642350316047,0.075,0.316754150390625,0.0,-1.2249923706054688,0.075,0.316754150390625,0.0,-3.2446683549250004,0.075,0.316754150390625,0.0,-0.50399695725,0.075,0.316754150390625,1.0,17.203322182388252,0.075,0.316754150390625,0.05,-0.6448759078979492,0.075,0.316754150390625,0.975,0.7182621013373136,0.075,0.316754150390625,0.975,0.330462646484375,0.075,0.316754150390625,0.325,-0.9942883308900003,0.075,0.316754150390625,0.775,0.441635799407959,0.075,0.316754150390625,0.125,-0.4009739127499999,0.075,0.316754150390625,1.0,3.26798784325,0.075,0.316754150390625,1.0,0.59810791015625,0.075,0.316754150390625
paints,0.7083333333333334,0.7868385051666666,0.2083333333333333,0.2369588216145833,0.2291666666666666,-0.432344484375,0.2083333333333333,0.2369588216145833,1.0,6.975605971516671,0.2083333333333333,0.2369588216145833,0.625,0.1585235595703125,0.2083333333333333,0.2369588216145833,1.0,1.829795837402344,0.2083333333333333,0.2369588216145833,0.4375,0.0893756616860628,0.2083333333333333,0.2369588216145833,0.0,-1.249951680501302,0.2083333333333333,0.2369588216145833,0.0,-3.6091333040833344,0.2083333333333333,0.2369588216145833,0.0,-0.372062779375,0.2083333333333333,0.2369588216145833,1.0,16.434110414439377,0.2083333333333333,0.2369588216145833,0.0,-0.4651520196348429,0.2083333333333333,0.2369588216145833,1.0,0.7071425281465054,0.2083333333333333,0.2369588216145833,0.9791666666666666,0.3431142171223958,0.2083333333333333,0.2369588216145833,0.1666666666666666,-1.200960619333333,0.2083333333333333,0.2369588216145833,0.8333333333333334,0.4508622099334995,0.2083333333333333,0.2369588216145833,0.5208333333333334,-0.192398455625,0.2083333333333333,0.2369588216145833,0.9791666666666666,2.7942165362708327,0.2083333333333333,0.2369588216145833,0.9791666666666666,0.3961741129557292,0.2083333333333333,0.2369588216145833
performs,1.0,1.4696747292307693,0.0,0.6899226262019231,0.3076923076923077,-0.0537077338461538,0.0,0.6899226262019231,1.0,6.453161246092307,0.0,0.6899226262019231,0.3076923076923077,-0.076885516826923,0.0,0.6899226262019231,1.0,2.2991051307091346,0.0,0.6899226262019231,0.7692307692307693,0.6633385832493122,0.0,0.6899226262019231,0.0,-1.1539024939903846,0.0,0.6899226262019231,0.0,-2.944164947923077,0.0,0.6899226262019231,0.3076923076923077,-0.1460745646153846,0.0,0.6899226262019231,1.0,17.314194472827694,0.0,0.6899226262019231,0.3846153846153846,0.0509529022070077,0.0,0.6899226262019231,1.0,1.3588744608255534,0.0,0.6899226262019231,1.0,0.4927884615384615,0.0,0.6899226262019231,0.6153846153846154,1.0763834095384617,0.0,0.6899226262019231,1.0,1.2936404324494877,0.0,0.6899226262019231,0.5384615384615384,0.056743823076923,0.0,0.6899226262019231,1.0,5.449826920461539,0.0,0.6899226262019231,1.0,0.6839130108173077,0.0,0.6899226262019231
photographs,0.6111111111111112,0.1133647516666666,0.1111111111111111,0.1354166666666666,0.1111111111111111,-0.4526377094444444,0.1111111111111111,0.1354166666666666,1.0,5.570782145138889,0.1111111111111111,0.1354166666666666,0.9444444444444444,0.532958984375,0.1111111111111111,0.1354166666666666,1.0,1.5685967339409723,0.1111111111111111,0.1354166666666666,0.5555555555555556,0.1824340298771858,0.1111111111111111,0.1354166666666666,0.1111111111111111,-0.7082451714409722,0.1111111111111111,0.1354166666666666,0.0,-4.186600914055556,0.1111111111111111,0.1354166666666666,0.1111111111111111,-0.2758992516666667,0.1111111111111111,0.1354166666666666,1.0,15.89155456252,0.1111111111111111,0.1354166666666666,0.2222222222222222,-0.4292952848805321,0.1111111111111111,0.1354166666666666,0.6666666666666666,0.2076309521993001,0.1111111111111111,0.1354166666666666,0.7777777777777778,0.3715277777777778,0.1111111111111111,0.1354166666666666,0.3333333333333333,-0.9076001001666664,0.1111111111111111,0.1354166666666666,0.6666666666666666,0.1963833669821421,0.1111111111111111,0.1354166666666666,0.7222222222222222,0.3155906222222222,0.1111111111111111,0.1354166666666666,1.0,3.115848691,0.1111111111111111,0.1354166666666666,0.9444444444444444,0.2369656032986111,0.1111111111111111,0.1354166666666666
plays,1.0,1.274384115,0.0,0.2536057692307692,0.3076923076923077,-0.0743964892307692,0.0,0.2536057692307692,1.0,6.770261876142308,0.0,0.2536057692307692,0.0384615384615384,-0.5667442908653846,0.0,0.2536057692307692,1.0,2.2240224984975963,0.0,0.2536057692307692,0.3076923076923077,-0.2595907633121196,0.0,0.2536057692307692,0.0,-1.38458251953125,0.0,0.2536057692307692,0.0,-5.038485361692309,0.0,0.2536057692307692,0.0,-0.3060825865384615,0.0,0.2536057692307692,1.0,18.03592839695384,0.0,0.2536057692307692,0.0,-0.6726247393167936,0.0,0.2536057692307692,1.0,0.8336680015692344,0.0,0.2536057692307692,1.0,0.4099402794471153,0.0,0.2536057692307692,0.0,-3.824520043684617,0.0,0.2536057692307692,0.2692307692307692,-0.2268105997489048,0.0,0.2536057692307692,0.4615384615384615,0.0057012196153846,0.0,0.2536057692307692,1.0,3.675496070423077,0.0,0.2536057692307692,1.0,0.4201284555288461,0.0,0.2536057692307692
reads,0.6176470588235294,0.3793815747058824,0.2352941176470588,0.1566664751838235,0.1764705882352941,-0.3774130626470588,0.2352941176470588,0.1566664751838235,0.9411764705882352,3.5730762543147057,0.2352941176470588,0.1566664751838235,0.5294117647058824,0.0196820427389705,0.2352941176470588,0.1566664751838235,1.0,1.3910342945772058,0.2352941176470588,0.1566664751838235,0.7647058823529411,0.2019046255770851,0.2352941176470588,0.1566664751838235,0.0588235294117647,-0.8676219267003676,0.2352941176470588,0.1566664751838235,0.0,-4.028470313558824,0.2352941176470588,0.1566664751838235,0.1176470588235294,-0.2639320161764705,0.2352941176470588,0.1566664751838235,1.0,14.920979157083528,0.2352941176470588,0.1566664751838235,0.5,0.0065470933914184,0.2352941176470588,0.1566664751838235,1.0,1.166528702220496,0.2352941176470588,0.1566664751838235,1.0,0.7131491268382353,0.2352941176470588,0.1566664751838235,0.088235294117647,-2.0624451300735287,0.2352941176470588,0.1566664751838235,0.5882352941176471,0.2387354483499246,0.2352941176470588,0.1566664751838235,0.7058823529411765,0.5120808285294117,0.2352941176470588,0.1566664751838235,1.0,3.138505154500001,0.2352941176470588,0.1566664751838235,0.9705882352941176,0.3222009995404412,0.2352941176470588,0.1566664751838235
sculpts,1.0,1.8149475868,0.0,0.3359212239583333,0.1333333333333333,-0.3086395363333333,0.0,0.3359212239583333,1.0,7.2157805727866675,0.0,0.3359212239583333,0.4333333333333333,-0.0166422526041666,0.0,0.3359212239583333,1.0,2.1511189778645834,0.0,0.3359212239583333,0.2333333333333333,-0.4644051909446716,0.0,0.3359212239583333,0.0,-1.1833699544270833,0.0,0.3359212239583333,0.0,-3.588912640933333,0.0,0.3359212239583333,0.0,-0.435301024,0.0,0.3359212239583333,1.0,17.08864363066567,0.0,0.3359212239583333,0.0,-0.5857013583183288,0.0,0.3359212239583333,1.0,0.5903984467188518,0.0,0.3359212239583333,1.0,0.437451171875,0.0,0.3359212239583333,0.0,-2.372612198033333,0.0,0.3359212239583333,0.9,0.5702057113250096,0.0,0.3359212239583333,0.3333333333333333,-0.1288506296666666,0.0,0.3359212239583333,1.0,2.442366037266668,0.0,0.3359212239583333,1.0,0.5000244140625,0.0,0.3359212239583333
sells,0.9027777777777778,0.9586865400000002,0.0,0.46295166015625,0.5694444444444444,0.0534136893055555,0.0,0.46295166015625,1.0,7.848148935413887,0.0,0.46295166015625,0.9722222222222222,0.6775597466362847,0.0,0.46295166015625,1.0,2.3004637824164496,0.0,0.46295166015625,0.6805555555555556,0.3802510400613149,0.0,0.46295166015625,0.1944444444444444,-0.4930216471354167,0.0,0.46295166015625,0.0,-2.8691372585694435,0.0,0.46295166015625,0.1111111111111111,-0.2895800361111111,0.0,0.46295166015625,1.0,16.8977371305118,0.0,0.46295166015625,0.3194444444444444,-0.1874174815085199,0.0,0.46295166015625,1.0,1.1495859258704717,0.0,0.46295166015625,0.8611111111111112,0.3289930555555556,0.0,0.46295166015625,0.4861111111111111,-0.1671623374305554,0.0,0.46295166015625,1.0,1.6356655408938725,0.0,0.46295166015625,0.7083333333333334,0.4201750087500001,0.0,0.46295166015625,1.0,4.072532297166667,0.0,0.46295166015625,1.0,0.5329555935329862,0.0,0.46295166015625
sews,0.75,0.7448950344999999,0.15,0.2179443359375,0.0,-0.8625553264999999,0.15,0.2179443359375,0.95,5.847797947475,0.15,0.2179443359375,0.6,-0.03916015625,0.15,0.2179443359375,1.0,1.960140991210937,0.15,0.2179443359375,0.15,-0.3735322892665863,0.15,0.2179443359375,0.0,-0.900091552734375,0.15,0.2179443359375,0.0,-3.67044553915,0.15,0.2179443359375,0.0,-0.4026155324999999,0.15,0.2179443359375,1.0,15.630755938371,0.15,0.2179443359375,0.0,-0.4466934114694595,0.15,0.2179443359375,1.0,0.9731064178049564,0.15,0.2179443359375,0.95,0.22965087890625,0.15,0.2179443359375,0.25,-0.9170011923,0.15,0.2179443359375,0.8,0.4698471501469612,0.15,0.2179443359375,0.3,-0.7530001611,0.15,0.2179443359375,0.9,2.9275151920499995,0.15,0.2179443359375,0.9,0.31480712890625,0.15,0.2179443359375
shaves,0.8666666666666667,0.696436462,0.0,0.2041666666666666,0.4,-0.0869549986666666,0.0,0.2041666666666666,1.0,6.848183680513333,0.0,0.2041666666666666,0.2,-0.346923828125,0.0,0.2041666666666666,1.0,2.029052734375,0.0,0.2041666666666666,0.0,-1.1580037335554758,0.0,0.2041666666666666,0.0,-1.06669921875,0.0,0.2041666666666666,0.0,-3.2313934644,0.0,0.2041666666666666,0.0,-0.4435012846666667,0.0,0.2041666666666666,1.0,15.246516759004663,0.0,0.2041666666666666,0.0,-0.6902885397275289,0.0,0.2041666666666666,1.0,0.5553712745507559,0.0,0.2041666666666666,0.9333333333333332,0.2,0.0,0.2041666666666666,0.2,-0.8085786349333333,0.0,0.2041666666666666,1.0,0.8047648211320241,0.0,0.2041666666666666,0.0,-0.7683521800000003,0.0,0.2041666666666666,0.9333333333333332,1.9808462492666667,0.0,0.2041666666666666,1.0,0.3052083333333333,0.0,0.2041666666666666
stitches,0.6666666666666666,0.6433857082291666,0.3541666666666667,0.140289306640625,0.0,-0.701023738125,0.3541666666666667,0.140289306640625,0.9583333333333334,5.382481898077084,0.3541666666666667,0.140289306640625,0.2916666666666667,-0.2894134521484375,0.3541666666666667,0.140289306640625,1.0,1.7262694040934246,0.3541666666666667,0.140289306640625,0.1458333333333333,-0.7482256097719073,0.3541666666666667,0.140289306640625,0.0,-1.1406885782877605,0.3541666666666667,0.140289306640625,0.0,-3.623987883895833,0.3541666666666667,0.140289306640625,0.0625,-0.4697398270833333,0.3541666666666667,0.140289306640625,0.9375,11.602445184360835,0.3541666666666667,0.140289306640625,0.3125,-0.0705870644499858,0.3541666666666667,0.140289306640625,1.0,0.8696524128317833,0.3541666666666667,0.140289306640625,0.75,0.2526041666666667,0.3541666666666667,0.140289306640625,0.375,-0.6105663215624998,0.3541666666666667,0.140289306640625,0.6875,0.2643072567880153,0.3541666666666667,0.140289306640625,0.2083333333333333,-0.903954003833333,0.3541666666666667,0.140289306640625,0.9791666666666666,2.7633159476666678,0.3541666666666667,0.140289306640625,0.7916666666666666,0.2779897054036458,0.3541666666666667,0.140289306640625
turns,1.0,1.6096662552272725,0.0,0.3949196555397727,0.4772727272727273,-0.0330045372727272,0.0,0.3949196555397727,1.0,8.249786343429546,0.0,0.3949196555397727,0.9318181818181818,0.6185968572443182,0.0,0.3949196555397727,1.0,2.310393593528054,0.0,0.3949196555397727,0.1363636363636363,-1.2256534489041024,0.0,0.3949196555397727,0.0454545454545454,-0.642059326171875,0.0,0.3949196555397727,0.0,-2.955799119931818,0.0,0.3949196555397727,0.3863636363636363,-0.0887886052272727,0.0,0.3949196555397727,1.0,19.117724306060907,0.0,0.3949196555397727,0.0,-0.6084754257039591,0.0,0.3949196555397727,0.9772727272727272,0.5947423706000502,0.0,0.3949196555397727,0.9545454545454546,0.3245516690340909,0.0,0.3949196555397727,0.7727272727272727,1.2060416556363631,0.0,0.3949196555397727,0.8181818181818182,0.7774898585948077,0.0,0.3949196555397727,0.0909090909090909,-0.6867833297727273,0.0,0.3949196555397727,1.0,4.573198707522725,0.0,0.3949196555397727,1.0,0.4602328213778409,0.0,0.3949196555397727
washes,0.3076923076923077,-0.2602882792307692,0.1538461538461538,0.2061767578125,0.1538461538461538,-0.2467678788461538,0.1538461538461538,0.2061767578125,1.0,3.715503190146154,0.1538461538461538,0.2061767578125,0.7692307692307693,0.2632023737980769,0.1538461538461538,0.2061767578125,1.0,2.5925375131460338,0.1538461538461538,0.2061767578125,0.3076923076923077,-0.5353696552606729,0.1538461538461538,0.2061767578125,0.0384615384615384,-0.7307316706730769,0.1538461538461538,0.2061767578125,0.0,-2.6042951170384616,0.1538461538461538,0.2061767578125,0.0,-0.5907799592307694,0.1538461538461538,0.2061767578125,1.0,16.640271863549614,0.1538461538461538,0.2061767578125,0.0384615384615384,-0.4531333606976729,0.1538461538461538,0.2061767578125,1.0,1.0335231939187417,0.1538461538461538,0.2061767578125,1.0,0.4254525991586538,0.1538461538461538,0.2061767578125,0.3076923076923077,-0.4271105193076923,0.1538461538461538,0.2061767578125,1.0,1.6016832876663942,0.1538461538461538,0.2061767578125,0.0769230769230769,-0.5293056426923075,0.1538461538461538,0.2061767578125,1.0,4.239511808269231,0.1538461538461538,0.2061767578125,0.9615384615384616,0.4009070763221153,0.1538461538461538,0.2061767578125
writes,1.0,1.4911546882352942,0.0,0.6360653147977942,0.4117647058823529,-0.0921818411764706,0.0,0.6360653147977942,1.0,7.29618656634412,0.0,0.6360653147977942,0.7058823529411765,0.1672937729779411,0.0,0.6360653147977942,1.0,1.914478975183824,0.0,0.6360653147977942,0.6470588235294118,0.2524504999027532,0.0,0.6360653147977942,0.0294117647058823,-0.9779591279871324,0.0,0.6360653147977942,0.0,-3.5634362726764706,0.0,0.6360653147977942,0.1470588235294117,-0.1967996205882352,0.0,0.6360653147977942,1.0,17.43716422027,0.0,0.6360653147977942,0.6764705882352942,0.1722265105037128,0.0,0.6360653147977942,1.0,1.4432198365821558,0.0,0.6360653147977942,0.9705882352941176,0.4659423828125,0.0,0.6360653147977942,0.5294117647058824,-0.2168205579999999,0.0,0.6360653147977942,0.9705882352941176,0.8926782117170446,0.0,0.6360653147977942,0.8235294117647058,0.4394263973529412,0.0,0.6360653147977942,1.0,3.3568298516617645,0.0,0.6360653147977942,1.0,0.7830954159007353,0.0,0.6360653147977942
