noun,semantic role,gpt3-davinci,gpt3-babbage,text-davinci-001,bloom-1b1,bloom-3b,gpt2-x,bloom-560m,gpt3-ada,gpt3-curie,text-davinci-003,gpt2-medium,gpt2-xl,bloom-1b7,text-ada-001,gpt2-large,text-curie-001,text-babbage-001,bloom-7b1
abstract,patient,0.12653014,-1.72958167,4.715408101,-0.25,1.76513671875,0.7635192275047302,-1.5,-1.82835948,0.09659196,-2.5425795,-0.4705772995948791,0.9639759361743928,-0.40625,-5.109652358,-0.6879472732543945,2.2966508,-6.67058611,-0.03125
actor,agent,0.79462212,-1.10729877,7.226743177799999,0.875,1.87548828125,2.528953582048416,-0.5,-1.5363905,0.4841728399999999,15.7709620889,0.281437873840332,0.9275503158569336,0.09375,0.1382799999999999,0.1960334777832033,-0.1667248999999997,-3.4080814,0.078125
aircraft,patient,0.6030959599999999,-1.2836112,4.651116401,1.398193359375,1.765380859375,0.94222640991211,-1.000244140625,-1.89885595,0.6503370999999999,3.917049266,-0.4264697432518003,0.7684021592140198,-0.46875,0.0258065,-1.2371234595775604,-2.52998405,-4.345842367,0.0625
album,patient,0.1810533,-1.5510731000000002,3.242376952,-0.75048828125,1.28173828125,0.2685604095458984,-2.749755859375,-2.75224394,0.9209404,-11.433327193,-0.4669628143310549,0.3524618148803711,-0.71875,-5.397593396,-0.9789294600486756,-0.7620453299999999,-6.730549603,1.15576171875
animal,patient,0.2273330599999999,-1.92646585,2.26168593,0.34375,2.296630859375,0.4442406296730041,-1.749267578125,-1.7044964,0.8286697500000001,2.96506638,0.044057846069336,0.9228668808937072,-0.749755859375,2.4069283,-0.9430389404296876,-2.20567392,-4.9307875,0.09375
announcer,agent,1.4449196,-0.98742296,7.86027067,0.45263671875,2.546875,2.6338614225387573,-0.25,-0.8728284399999999,0.9366205999999996,15.582533929499998,0.3879356384277344,0.9589843451976776,-1.125,5.0020518,0.0183248519897458,4.769023300000001,-3.6256534,0.46923828125
artisan,agent,1.93346893,0.1729077999999999,4.204524206,0.43701171875,2.000732421875,1.3006632328033447,-0.75,-1.1023295000000002,0.4892616399999999,15.5323902534,0.0265522003173828,0.9712543785572052,0.0,2.02325625,0.3848419189453125,-0.2529851000000001,-2.1658467000000003,0.59326171875
artist,agent,1.25091923,-0.0967816999999999,4.37268846,0.18798828125,2.110107421875,1.9556885361671448,-0.74951171875,-2.0954292,0.4884986,17.005131100499998,-0.2412052750587463,0.9410800337791444,-0.28125,-0.7018323999999998,-0.3466777801513669,-0.3369216000000001,-3.10812965,0.68701171875
author,agent,1.46830002,-0.3823242,5.69158854,0.71826171875,3.077392578125,1.9794787168502808,0.75,-1.2569884999999998,1.3177757,16.2161208062,0.8392180800437927,1.1939659118652344,-0.15625,1.5920481999999998,0.9092779755592346,4.5496406,-1.8149657,0.765625
aviator,agent,1.45151315,-0.224348,4.104940906,1.15625,2.4063720703125,1.3098602890968325,-1.5,-1.4979611999999998,1.0499094,15.3404485835,-0.4325466752052305,1.181375443935394,-0.1875,2.47913726,-0.6342811584472658,-1.28032116,-4.314959437,0.171875
backpack,patient,-0.43304384,-1.3841548,3.102363318,-0.109375,1.296630859375,0.4879378676414491,-2.2493896484375,-2.5264548,0.85780327,-6.242007267,-0.3653135299682617,0.8774748146533966,-0.3125,-3.34269886,-0.910987913608551,-1.86751764,-4.011603849999999,1.077880859375
backpacker,agent,0.17641068,-1.4146768,2.12775997,0.21875,2.0618896484375,0.8904991745948792,-2.0006103515625,-2.16671762,0.8496609399999999,12.3167702199,-0.1119918823242188,1.05742746591568,-0.15625,-1.44256217,-0.4043655395507814,0.7491150000000002,-3.33058903,0.593505859375
bag,patient,-0.490083,-1.7847824,2.56120349,0.1875,1.62548828125,0.0962867736816406,-1.249755859375,-2.79734018,0.94975082,-8.0274164854,-0.4933814406394958,0.6775302886962891,-0.0625,-4.204376911000001,-1.226582556962967,-0.3822627,-4.8763735,0.67236328125
baker,agent,1.45108436,-1.3984049399999998,5.3462685575,0.29736328125,2.187744140625,0.7114657759666443,-1.25,-2.3642347,0.4921321000000001,16.3226417952,0.0748863220214843,0.9250087738037112,0.28125,-3.60549919,-0.6088666319847107,-0.4643632599999999,-4.17285344,0.54638671875
barber,agent,0.92338934,-1.99756596,4.286700657,-0.50048828125,1.656005859375,0.6854272484779358,-1.500244140625,-2.1039372,-0.13263716,12.6841326538,-0.0227661132812498,1.4022111892700195,-0.0625,-2.1855373250000003,-0.9317770600318908,-1.87050222,-5.589352030000001,0.21875
basket,patient,-0.5343819799999999,-2.01299675,2.3562314,-0.46875,1.390380859375,0.2092971801757812,-2.2498779296875,-3.63085373,0.5364379,-11.5201011506,-0.1773872375488281,0.5605583190917969,-0.3125,-6.3806496647,-0.7500333786010742,-2.89492829,-5.161348846,0.672119140625
beard,patient,-0.1451492999999999,-2.30268096,1.19305193,0.171875,1.7652587890625,-0.0200443267822265,-1.500244140625,-2.50688541,0.34000014,-1.4969633100000002,-0.0687007904052734,0.8835878670215607,-0.56298828125,-7.4255443022,-0.6883049011230467,-2.53841289,-5.03526126,0.796630859375
bedding,patient,-0.65207854,-2.7493418000000003,1.94793965,-0.46826171875,0.79736328125,0.8920288085937498,-1.99951171875,-2.49059078,0.4943009,-13.1808587622,-0.3061790466308596,0.4834146499633789,-0.40625,-4.798965703,-1.0565318763256073,-0.33096886,-5.54612135,0.265625
bike,patient,0.1433843999999999,-1.0809211,2.60034028,-0.40625,1.484375,0.1488571166992187,-1.49951171875,-3.02647104,1.37300483,3.822259433,-0.4429664611816406,0.7132644057273865,-0.6875,-4.238817157,-1.0114755928516388,-1.64992335,-6.466441124499999,0.70361328125
blanket,patient,-0.5241192000000001,-3.03165988,1.28548627,-0.171875,0.922119140625,1.0405558943748474,-2.5006103515625,-2.42484659,-0.11623567,-14.399983813,-0.2772884964942934,0.7835245728492737,-0.53076171875,-4.638930652,-1.025874137878418,-2.67816312,-6.52303943,0.624755859375
blogger,agent,0.8730927,-1.1826993,4.538035113,0.140625,2.687744140625,2.94013586640358,-0.25,-2.75069132,1.5043011,15.8938535289,0.0234003067016599,1.1812591850757597,-0.62548828125,-2.4430521,0.4336776733398437,2.55240716,-6.16957203,0.765625
board,patient,-0.1483883,-1.3762702999999998,3.25340068,-0.37451171875,1.59326171875,0.5518131256103516,-1.5,-1.63517843,0.7409096499999999,-9.0215211499,-0.4120721817016601,0.5039711594581604,-0.65625,-1.24337864,-0.7719563841819763,-0.7069854499999999,-3.9789694,0.15625
book,patient,-0.11100007,-1.3077086000000002,2.832898368,-0.265625,1.874267578125,0.9986037611961364,-1.749755859375,-2.34877211,1.06415362,-10.0824134883,-0.0052165985107421,0.7327060699462891,-0.125,-4.915734374,-0.2588872909545899,-0.7410067,-5.03035672,0.797119140625
bottle,patient,-0.16525464,-1.78436954,2.55954029,-0.40576171875,0.984619140625,0.3661956787109375,-2.000244140625,-2.94971425,0.5091134,-10.7963021778,-0.3908976912498474,0.6400557160377502,-0.375,-5.5621955257,-1.3915119767189026,-1.93561938,-4.24997391,0.4375
bowl,patient,-0.3887158500000001,-2.18287354,3.125524813,-0.56201171875,0.90625,0.6001815795898438,-2.250732421875,-3.032825124,0.44507785,-13.2388086664,-0.1534595489501952,0.5438127517700195,-0.74951171875,-6.3699098172,-0.9444923400878904,-2.31153663,-3.4925768,0.5
bread,patient,-0.1061365,-1.39973047,2.640460264,-0.046875,1.875,0.4605827331542969,-1.500244140625,-2.91765102,0.4446868899999999,-10.698756772,-0.3281192183494568,0.6847476959228516,0.0,-7.1760476146,-0.8384295105934143,-0.8746145000000001,-3.44340078,0.781005859375
broadcaster,agent,1.1145073600000002,-1.6800593399999997,6.3850559405,0.17919921875,3.18701171875,2.129955351352691,-0.75048828125,-1.30233376,1.2134397300000002,16.0045599586,0.2774238586425781,0.7224903106689453,-0.3125,2.4146098,-0.1229743361473083,4.0141446,-5.83406613,0.671875
building,patient,0.30605746,-1.2039651,2.9294548120000004,0.74169921875,1.96875,0.1125984191894531,-1.24951171875,-1.97087956,1.00541673,-10.4381093686,-0.1417312622070311,0.7325829863548279,0.125,-2.99636543,-1.2737341523170471,-0.8298384599999999,-3.169567664,0.0625
bus,patient,0.20648802,-1.5439379,4.647042841,0.78076171875,1.875732421875,0.6201038360595703,-1.499755859375,-2.3839271500000003,0.52876484,0.53719804,-0.1025772094726562,0.3810519576072693,-0.34375,-2.46587557,-0.44751638174057,-3.4060696,-5.42598597,0.609375
busboy,agent,0.4687461,-1.33740475,3.891426286,0.17236328125,1.968017578125,0.7670192718505859,-1.499755859375,-2.39429364,0.8400879000000001,13.84713554,-0.1856269836425781,0.8656348884105682,0.03125,-2.18915176,-0.3972520232200622,-0.2014449999999998,-3.4858533000000005,0.28125
businessman,agent,0.96072524,-0.3329066,4.734848414,0.140625,3.0321044921875,2.141270101070404,0.25048828125,-0.5551653000000001,0.7233123,16.981842890600003,0.3152777552604675,0.9819813072681428,-0.15625,4.7386295,0.2499914169311522,1.7143431,-3.6715994,0.203125
businesswoman,agent,1.45566204,-0.4299995000000001,5.150524296,0.125,3.328857421875,1.6075227856636047,-0.5,-1.787919,0.6742286000000001,16.645241029700003,0.0773444175720216,1.270203560590744,0.09375,-0.4127560999999999,0.0179224014282227,3.16912843,-3.7187078,0.625244140625
butcher,agent,1.28454746,-1.86359306,4.301938891,-0.23486328125,2.48431396484375,0.7757768630981445,-1.74951171875,-2.91474625,0.1653138,14.6653799821,-0.1608276367187501,1.0048217475414278,0.125,-3.045929986,-1.0755881667137146,-1.5810643,-4.6479422,0.171875
cake,patient,0.0167408,-2.0980119200000003,1.89745875,-0.35986328125,2.078857421875,0.1636742949485778,-2.000244140625,-3.5013014,0.0418663499999999,-10.1742498301,-0.1985511779785156,0.4575968384742737,-0.09375,-11.89758323068,-0.991102248430252,-2.17452235,-6.22370923,0.702880859375
cameraman,agent,1.41687387,-0.9520949,6.971173200599999,0.171875,2.344482421875,2.695001542568207,-0.25,-2.2363205300000004,0.6185341000000001,14.243918155,-0.2328691482543945,0.4057044982910156,-0.3125,0.8760414000000001,-0.2807569503784179,-0.3032524999999999,-3.9950578,0.57763671875
camper,agent,-0.03673544,-1.69075185,1.25590517,0.92919921875,1.828369140625,0.9690914750099182,-1.249755859375,-2.22940895,0.557867,9.740436525100002,-0.4082660675048828,0.8181342780590055,0.40625,-0.25698654,-0.0819873809814453,-1.36422093,-4.92760449,-0.015625
canvas,patient,0.07084685,-1.99127367,3.981933123,-0.28125,0.984619140625,0.3455896377563476,-1.99951171875,-3.12461175,0.38147156,-13.5740792207,-0.3124923706054687,0.6120853424072266,-0.8125,-6.0915327042,-1.2863091826438904,-0.4518614999999999,-6.111683484,0.65673828125
captain,agent,1.0776153,-0.8637914599999998,5.814289822299999,1.640380859375,2.515380859375,2.2629261016845703,-0.5,-2.42781993,0.67312434,18.0444645832,-0.0122509002685547,1.3338899612426758,0.125,3.55951208,0.2831935286521909,-3.2074283,-2.8207175,0.359375
car,patient,0.4580841,-0.7881423,3.291556463,0.640625,2.687744140625,0.1903457045555114,-0.75,-1.80458652,0.6960413000000001,3.82727692,-0.163553237915039,0.7931432127952576,-0.21875,0.8053855,-1.126130998134613,-2.96207411,-4.6046084,0.35986328125
cardboard,patient,-0.42135624,-2.31265055,2.21722815,-0.65625,1.546875,0.0837402939796447,-2.2501220703125,-2.97963785,0.1376551299999999,-13.3252891099,-0.4380626082420349,0.5012130737304688,-0.96875,-6.884467149400001,-1.3450508415699003,-0.5532807999999999,-6.806234915,0.734130859375
carpet,patient,-0.4684562399999999,-1.5894956000000002,1.94927249,-0.265625,1.938232421875,1.0799465775489807,-1.9993896484375,-2.52778908,0.61803054,-14.6348895182,-0.1947345733642578,0.8109445571899414,-0.46875,-7.3410545519,-0.7970466017723081,-0.7779236,-4.514791600000001,0.640625
carver,agent,0.93277355,-1.3612413,3.27502559,-0.35986328125,1.999755859375,0.7911272048950195,-1.0,-2.02030863,0.0803413299999999,14.478566056,-0.092672348022461,1.237325698137283,-0.59375,-3.222855386,-0.8248881995677948,-1.7146785400000002,-5.00671801,0.484375
caterer,agent,0.8606070400000001,-0.4586831,5.2780276696,0.109375,2.4849853515625,1.5274447202682495,-1.249755859375,-2.81136318,0.24052633,15.70611964325,-0.2473067641258239,0.9410247802734376,-0.375,-4.161343623,-0.5888605117797852,2.621891,-0.9628056000000004,0.171875
cd,patient,0.2108545699999999,-1.4753760000000002,5.481569214299999,0.0,1.7041015625,-0.0580577254295349,-1.75,-2.0710896,0.90344615,-7.461360659099999,-1.0721346735954285,0.2712545394897462,-0.812255859375,-3.14295774,-1.2305192947387695,-0.9062214000000002,-7.492248849999999,0.8125
cellist,agent,0.8500917700000001,-1.3679772,5.1397387333,0.078125,2.014892578125,0.5552559494972229,-1.750244140625,-2.80404825,0.6241532000000001,12.644361489,0.1031379699707031,1.4960394203662872,-0.3125,-5.4687178963,-0.7048320770263672,-0.5184935999999998,-6.54328446,0.92236328125
cello,patient,-0.4535738,-1.86167528,3.958160907,-0.71923828125,1.843994140625,0.3067760467529297,-2.25048828125,-3.14800171,0.3576927,-7.357197141,-0.3225440382957458,0.59930419921875,-0.593505859375,-4.293481328,-1.3135738670825958,-2.14249968,-7.47933746,1.124755859375
chauffeur,agent,1.31037152,-0.4748841,7.4374796646,1.171875,2.42138671875,2.111305296421051,-0.75,-1.2787677,0.71231077,15.5469961334,0.1754894852638244,1.5413341820240023,-0.3125,2.82329756,-0.2900256514549255,-1.0995946,-1.921909,-0.046875
chef,agent,1.48032765,-0.90278966,5.7311393935,1.09375,2.89056396484375,1.3720855116844175,-0.25,-2.4152623600000003,0.0712700299999999,16.734513448,0.1218223571777344,1.19891357421875,-0.09375,2.09662534,-0.5419425964355469,-0.8023698000000001,-2.2996913999999995,0.1875
choreography,patient,0.67979828,-0.5959587000000002,5.554847328,-0.3671875,1.53173828125,0.085113525390625,-1.5,-2.83507523,0.6914956699999999,7.340078403000001,-0.4444260597229001,1.0097017884254458,-0.28125,-0.99199306,0.1048517227172851,-0.5030711000000001,-4.102766600000001,0.765380859375
clarinet,patient,0.34437786,-1.79238026,5.124012102,-0.49951171875,1.70361328125,0.7392978072166443,-1.750244140625,-3.13490095,0.7928619699999999,-4.422444162,-0.533994734287262,0.6772317290306091,-0.25,-7.9406274185,-1.0828237235546112,-1.10998156,-6.59254803,1.437744140625
clarinetist,agent,1.1757808,-1.2107868000000002,6.063636496,-0.21923828125,2.04638671875,1.3176708817481992,-1.49951171875,-2.64781922,1.27080716,14.0800005255,-0.511198103427887,1.0269069075584414,-0.125,-5.050752525,-0.8565863966941833,0.7920992,-5.6113742,1.23486328125
clay,patient,-0.1864815399999999,-1.5936753200000002,3.344099996,-0.421875,1.452880859375,-0.3036574721336365,-2.2490234375,-2.62108334,0.6432686,-13.216210114,-0.287017822265625,0.5838451385498047,-0.46875,-6.4156678104,-0.9302492141723632,1.13708718,-5.436394668,0.671875
cleaner,agent,1.2531731,-1.16062455,3.714912897,0.65625,3.07745361328125,1.0891780853271484,-1.0,-2.26676949,1.16445522,15.3615415998,0.1487928032875061,1.930993050336837,0.375,-1.0648851,-0.3707590699195862,2.9205768,-2.1169276,0.765869140625
clerk,agent,1.2342162,-0.940835,3.90355108,0.4375,2.67120361328125,1.3047370314598083,-0.75,-1.6438676,1.7335795800000002,14.9392091265,0.7628346085548401,1.2390584647655487,0.40625,1.95771713,0.5257158279418943,2.0717679,-3.4841022,0.65576171875
cloth,patient,-0.11587412,-1.9303569,3.043513172,-0.42138671875,1.608642578125,0.4272308349609375,-1.9991455078125,-2.44084532,0.75473408,-13.1014322593,0.3154286742210388,1.1388006806373596,-0.28125,-6.00738863,-0.6859627366065977,-1.0515432999999998,-4.3708367,1.077880859375
coat,patient,-0.1099335,-1.56313055,2.4576625,0.21875,2.25,0.901470184326172,-1.250244140625,-2.49409087,0.1760025599999999,-9.9613079904,0.1202797889709472,0.332442283630371,-0.25,-3.08034686,-0.5205564498901367,-2.73263068,-4.64999786,1.031494140625
code,patient,0.2937235,-2.1373412000000003,2.807968637,0.421875,2.390625,0.2457447052001954,-0.75048828125,-3.0839326500000004,1.5117035,4.521554473,-0.5930805206298828,0.9985865950584412,-0.49951171875,-5.3179768,-0.2285537719726562,3.3117618,-7.875592950000001,-0.328125
comedian,agent,0.8234976799999999,-1.10333245,5.587336866699999,0.0,2.375732421875,2.356693148612976,-1.0,-1.7516202500000002,0.4420469999999999,15.3191125737,-0.1523666381835936,0.8686676025390625,-0.50048828125,3.2342683999999995,-0.1780614852905272,0.0046404999999998,-2.6245920000000003,0.3125
concerto,patient,0.6723798400000001,-1.0658034399999998,7.5192255767,-0.53125,1.8125,0.7064857482910156,-2.2491455078125,-2.61276524,1.533617,-3.133862476,-0.6708984374999998,0.7535515427589417,-0.40625,-4.301983573999999,-0.9811821281909944,-0.2642901000000002,-6.789022166,1.281494140625
confectioner,agent,1.39112852,-1.3333683,3.759753902,-0.34326171875,2.14111328125,0.8303585052490237,-0.75,-2.84130835,0.4570122000000001,14.6098362208,-0.1314697265625001,0.659395158290863,-0.125,-5.767131996,-0.8188571929931641,2.5533131300000003,-5.29628142,0.71923828125
container,patient,-0.10571836,-1.2470159,2.76901646,-0.1875,1.35888671875,-0.2074813842773437,-2.5003662109375,-2.99489476,0.5087204,-9.2820552328,-0.3052844405174255,0.6787261962890623,-0.25,-0.01232244,-1.4718541502952576,-1.22019,-3.8806428,0.3125
convertible,patient,0.2892914399999999,-1.53773404,4.287136084,0.375,1.42236328125,0.0384674072265622,-1.75,-1.6800420400000002,1.06901176,-2.75232102,-0.8423919677734375,0.7942924499511719,-0.375,-0.9306879,-0.7710866928100584,0.1059931999999999,-5.85746607,0.42236328125
cook,agent,1.22529092,-1.42814918,5.375154507,0.53125,2.0941162109375,0.8810862898826601,-1.499755859375,-2.63440895,0.12811865,17.085193392,0.179859161376953,1.0125979781150818,-0.125,-0.5692272,-0.2757654190063476,-0.9454820000000002,-4.80417316,0.359375
cotton,patient,-0.1180864,-2.4650486500000004,2.057374684,-0.74951171875,1.23388671875,0.6456284523010256,-2.00048828125,-2.75756609,1.33132556,-12.7134449045,-0.0946922302246093,0.5692586898803711,-0.53125,-4.736906484,-0.6851244568824768,0.2380637999999999,-5.739465771,0.890625
countertop,patient,-0.22760397,-1.9201474,2.4859980100000003,0.34375,1.46923828125,1.012166976928711,-1.750244140625,-1.99471445,0.6321981000000001,-13.0997324868,-0.4456444382667539,0.9723129272460936,-0.375,-3.45817981,-0.7556447982788084,-1.1107082,-7.39235342,0.43701171875
crate,patient,-0.3869969999999999,-2.59343312,3.547576864,-0.578125,2.01513671875,0.411590576171875,-2.0006103515625,-3.30643725,0.7983397999999999,-10.2744272727,-0.3461838364601135,0.6109133362770081,-0.34375,-4.034651465,-1.6976985931396482,-1.2022137,-7.700033192,0.56298828125
cushion,patient,-0.3585063699999999,-2.65171893,2.03520034,-0.28125,1.531005859375,0.9420661330223083,-2.5,-3.0737330700000003,-0.0894661499999999,-13.9423526384,-0.1436405181884766,0.4546881318092348,-0.531005859375,-6.0460208592,-0.9201145470142365,-1.73081102,-4.743306489999999,0.53076171875
cut,patient,0.0767207,-2.8875407,2.92499436,-0.15625,2.8427734375,0.0231895446777343,-2.249755859375,-2.22546474,0.5622994,8.504115224,-0.5297603607177734,0.7883720397949219,-0.15625,-1.843466,-1.0030450522899628,-1.35745805,-5.96600246,0.84326171875
dancer,agent,0.7879981600000001,-1.00629034,4.7933005280000005,-0.10986328125,2.43701171875,1.4656620621681211,-1.250244140625,-2.2606145,0.9049512,17.438630989500002,0.193643629550934,1.0927295386791231,-0.3125,-0.18529713,-0.0257987976074219,0.1614208999999999,-4.97640578,0.65625
dealer,agent,1.66406127,-1.0733863,4.8832806500000006,1.616455078125,2.7177734375,1.8436203598976133,0.49951171875,-1.59803364,0.8052137,17.2759035783,0.5180758833885193,1.1538380980491638,0.25,0.9954635,-0.0705490112304687,1.680322,-5.873810300000001,-0.125
dish,patient,-0.0840546,-1.98999982,2.893521875,-0.140625,1.203369140625,0.4477920532226564,-1.75,-2.96855078,0.2900697,-10.8249722356,-0.0658226013183593,0.7626085281372073,-0.40625,-2.84087527,-0.9436111450195312,-1.2352036999999998,-4.851491056,0.421875
doctor,agent,1.8622016,-2.39709074,5.3922853446,-0.53125,1.171630859375,0.4460702538490295,-0.999755859375,-2.220745,0.0157241999999999,17.5487248253,0.1008749008178711,0.551793098449707,-0.28125,1.3322858000000002,-0.4118337035179138,-1.0004267000000002,-6.60209833,0.265625
dough,patient,0.0661918999999999,-0.6467611,3.774377524,0.078125,2.35888671875,0.0712051391601562,-2.000244140625,-2.5842057,0.5889891600000001,-8.8630560767,-0.3004742264747619,0.7282552719116211,-0.49951171875,-1.5887793,-0.5532894730567932,-0.0644551999999998,-4.4407033,1.28125
dressmaker,agent,1.79031739,-0.7954684000000001,4.898521442,-0.15625,1.999267578125,1.36146342754364,-0.99951171875,-2.74347191,0.93043515,11.9755340095,0.2279539108276367,0.7577486038208006,-0.125,-3.812021326,-0.583440840244293,1.4690061600000002,-5.5409692,0.875244140625
driver,agent,1.37014764,-0.8832844999999999,5.573587409,0.79736328125,2.31201171875,0.7348880767822266,0.0,-2.36846434,0.7076569999999999,17.310143094,0.0722732543945313,1.1072282791137695,-0.62548828125,3.9859752,-0.5263729095458984,-0.9212626,-3.91645615,-0.15625
drug,patient,0.4642486000000001,-2.5845314,4.195511184,0.26513671875,1.64111328125,0.9312744736671448,-1.249755859375,-1.68551638,0.1685332699999999,3.824609699,0.093903064727783,0.8560943603515627,-0.5625,-3.795723884,-0.7644538879394531,-1.57987776,-7.380243923,0.078125
drummer,agent,0.8975249699999999,-1.10469044,5.1584615725,-0.78857421875,1.82763671875,1.0747966766357422,-1.750732421875,-2.99877454,0.75213063,17.586299313,-0.3693237900733948,0.3216667175292967,-0.874755859375,-0.8299349,-1.026600807905197,-1.6399811,-5.45410356,0.765625
duffle,patient,-0.5078391499999999,-2.74955792,2.13883671,0.03125,1.702880859375,0.6048088073730469,-1.75,-3.10247197,0.6193636,-7.490044978,-0.424293577671051,0.794490784406662,-0.125,-1.1042288999999998,-0.9903049170970916,-2.25851055,-6.484725200000001,0.749755859375
essay,patient,0.3317793,-1.6297587999999998,4.644804291,0.421875,2.1416015625,1.2817440629005434,-0.49951171875,-2.5362624,1.4099808,-3.240876774,0.2496796250343325,1.2775449752807615,-0.1875,-6.0249817,0.3597583770751953,3.10990152,-4.49264301,1.28125
essayist,agent,1.51227579,-1.3513363000000005,4.914351566,0.42236328125,2.7802734375,2.144827932119369,-0.25,-1.7459002,1.84731287,15.3194485009,0.2565717101097109,1.288832634687424,-0.40625,-1.63029952,0.5270729064941406,3.1288395600000003,-4.9114754,1.234130859375
fabric,patient,0.04481297,-1.9321784,3.335776015,-0.39013671875,1.468505859375,0.8691635131835938,-1.7490234375,-2.59412173,1.26616293,-13.8523195163,-0.1884708404541016,0.7543286681175232,-0.34375,-3.429658805,-0.4181299209594726,-0.2743309999999999,-5.594248500000001,0.84326171875
fillet,patient,-0.7793044,-1.57112122,1.7956314,-0.546875,1.390380859375,0.5319538712501526,-2.5003662109375,-3.32203174,0.57358738,-5.4561782792,-0.425142288208008,0.5218238830566406,-0.46826171875,-4.211127988,-1.1533021330833435,-3.07401418,-6.53122091,0.51611328125
fish,patient,-0.4420204099999999,-2.35413638,2.214086434,0.0,1.781982421875,0.536710798740387,-2.00048828125,-2.4366682,0.5123786,-4.08414671,0.0435390472412109,0.6253213882446291,-0.781005859375,-3.46846386,-1.2326096892356873,-2.0021171200000003,-5.283733208,0.1875
floor,patient,-0.40115398,-0.8733098,1.82526493,-0.26611328125,1.890869140625,0.9160308837890628,-1.9993896484375,-1.90548897,0.6725368199999999,-9.914809576800002,-0.584665834903717,0.6740065217018127,-0.812255859375,-2.02597788,-0.7731609344482422,-0.7519977,-3.3684291,0.125
flute,patient,0.019183,-2.4042607,4.933606567999999,-0.484375,1.17138671875,0.5484905242919922,-2.5008544921875,-2.98748462,0.4012681,0.60992128,-0.6405505537986755,0.8926267921924591,-0.53125,-6.672098039,-0.7911739945411682,-2.27797305,-8.402229958,0.671630859375
flutist,agent,1.0206641,-1.4140769000000002,5.9089682228,-0.203125,1.3125,0.7052555084228516,-1.749755859375,-2.67942886,0.8028717,14.5346599442,-0.2389793395996093,1.3028612136840825,-0.812255859375,-5.108834878,-0.7600088119506836,-1.1817092,-6.50700756,0.65576171875
food,patient,0.3738699399999999,-1.82463745,2.53497713,0.109375,2.266357421875,0.7921142578125,-1.50048828125,-2.69619767,0.1792259,-7.781304965,-0.107712745666504,0.9768028855323792,-0.6875,-6.19031065,-0.9704017937183378,-2.88654744,-5.646411838000001,0.39013671875
gem,patient,-0.4813550999999999,-2.04408638,3.449153866,-0.890869140625,2.60986328125,0.294012188911438,-1.75048828125,-2.70625397,0.72829827,-12.602924396,-0.3141155242919922,0.6832247376441956,-0.593994140625,-7.8779833194,-0.757412910461426,-1.20600323,-7.664182354,0.797119140625
glass,patient,0.2698117999999999,-2.1515922,3.368112404,-0.48388671875,0.671875,-0.04338264465332,-1.999755859375,-2.6449222,0.4742623000000001,-10.5055666939,-0.2034111022949218,0.5909595489501951,-0.53125,-4.804137686000001,-1.4128293991088867,-2.04816244,-6.822912073,0.53076171875
hairdresser,agent,1.35645063,-1.6005466300000002,6.6960573207000005,0.0,2.0772705078125,1.3320751190185545,-0.75,-2.33637143,0.5131205999999999,10.4199448802,0.0642471313476562,1.0762186348438263,-0.15625,-2.394746784,-0.6828298568725586,2.32684508,-5.66641653,0.359375
handle,patient,0.27030944,-1.66323074,5.239836427,0.03125,2.234130859375,0.8519249558448792,-1.500244140625,-2.92896568,1.35775378,5.1126994552000005,-0.1061067581176756,0.93011474609375,-0.6875,-3.593924206,-0.979156494140625,0.2320941999999999,-3.9880029,0.28125
hat,patient,-0.20177667,-1.8722535,2.19396787,-0.171875,1.531494140625,0.3209495544433594,-1.5,-2.4437274,0.6963902000000001,-5.1780945723,0.0811710357666015,0.7040261924266817,-0.5,-4.345699152,-0.7853984236717224,-1.75755828,-5.209438346,0.9375
herb,patient,-0.0806502999999999,-1.8665541,3.22625621,0.265625,1.625244140625,0.4517250061035155,-1.25048828125,-2.20740596,0.7099704,-10.9394612315,0.005044937133789,1.3009452521800997,-0.71875,-4.8668972435,-0.2741661071777344,-1.1534081500000002,-6.654862675,0.8125
hiker,agent,0.0832888399999999,-1.7736052,2.78586706,0.0625,1.76611328125,1.181104063987732,-2.2496337890625,-2.96611581,0.5391577700000001,16.2557033461,-0.1912908554077148,1.3340378105640411,-0.84375,-3.3981170240000003,-0.7131872177124023,-2.1052107,-3.1410225,0.4375
housekeeper,agent,1.35019697,-0.7631319999999999,4.562486578,0.375,2.96923828125,1.382648468017578,-0.99951171875,-2.43823436,0.5465298000000001,14.2124872637,0.1404963135719299,1.2449283301830292,-0.1875,-0.2975616,-0.4518328309059141,1.3838346,-1.3999187999999998,0.546875
ice,patient,-0.6298305399999999,-2.28013974,3.458058148,-0.140625,1.484375,-0.0817246437072753,-1.5,-2.36777664,0.29758076,-11.8703002866,-0.4302558898925781,0.8444051742553711,-0.624755859375,-5.295216923,-0.6915435791015625,-2.5325749,-7.764417967,0.265625
illustrator,agent,1.63153349,-0.8030537999999999,5.3581785327,0.0,1.50048828125,2.0313201546669006,-0.24951171875,-2.46809665,1.8467712,15.9612656245,-0.3412408828735351,0.9130764007568356,-0.593505859375,-2.0205744,-0.461392343044281,2.6591442,-4.289548,0.328125
ingredient,patient,0.5877405200000001,-0.7216502,4.294126031,0.5859375,2.5478515625,2.099891781806946,-0.5,-1.1963138,0.4737454399999999,-5.891559285,-0.4827461242675783,1.0034732222557068,-0.25,2.90251682,-0.4003209471702578,-0.4968696999999999,-2.4114038000000004,0.5625
instrument,patient,0.37675075,-1.93059256,3.757254983,-0.21826171875,0.8125,0.2136077880859375,-1.750732421875,-2.4617165400000003,0.1582127599999999,0.79347083,-0.4018201231956482,0.5033254623413086,-0.5,-1.8614606,-1.0713138580322266,-2.13765717,-7.32544613,0.28125
item,patient,0.0010225999999999,-1.13692384,1.24394802,0.34375,1.7041015625,0.9551124572753908,-1.25048828125,-2.20126446,0.6204452599999999,-5.33937142,-0.415287435054779,0.6674814820289612,-0.0625,-1.3938029999999992,-0.475982666015625,-1.5369910999999998,-4.8665065300000006,0.375
jacket,patient,-0.0149230499999999,-1.6154823399999998,2.786631334,0.1875,1.781494140625,0.7053108215332031,-0.999755859375,-2.55073748,0.6841219999999999,-7.3652937705,0.0895805358886718,0.6487055420875549,-0.03125,-2.818042606,-0.4275494217872619,-1.97702423,-4.43935357,1.171630859375
janitor,agent,1.03490292,-0.6270342999999999,4.7739982595,0.796875,2.405517578125,1.0415428280830383,-0.75,-1.7304403,0.96612937,15.8245891625,0.05853271484375,1.2318105697631836,0.0625,2.04553024,-0.183873176574707,1.4560471500000003,-0.9311228,0.687255859375
jet,patient,0.06587143,-1.39690773,4.236546326,0.484375,2.296875,0.5394248962402342,-1.50048828125,-2.10826105,0.7208613700000001,7.2677535405,0.0244464874267578,0.8983622193336487,-0.562255859375,2.032827,-1.0288582146167755,-0.7102861,-6.354605994,0.171875
jeweler,agent,1.3791142399999998,-0.5562619,4.581582126,-0.5625,2.1568603515625,0.9374962449073792,-1.0,-2.48255625,0.5613785600000001,13.7043735696,-0.007904052734375,0.9693707823753356,-0.28125,-3.254350403,-0.2689685821533203,2.3022869,-4.3137451,0.874755859375
jewelry,patient,-0.0719553499999999,-1.4736014999999998,2.216253244,-0.57763671875,2.03076171875,0.3455581665039063,-2.00048828125,-3.19137075,0.96472942,-7.822578669,-0.1656741499900818,0.7322769761085508,-0.40625,-7.986025459559999,-0.5452814698219299,-0.4188689599999999,-5.589577027,0.82763671875
journalist,agent,1.09328397,-1.20018286,5.6816756307,0.6015625,2.2808837890625,2.7400626838207245,0.0,-1.7778329999999998,1.1515123000000005,16.11641613774,0.6524696350097656,0.7858361601829529,-0.31201171875,1.4895820000000004,0.0919914245605468,3.612335999999999,-4.4616346,0.781005859375
kite,patient,0.3333412,-2.3922367,4.055623199,0.375,2.3275146484375,0.7863092422485352,-2.2508544921875,-2.71758371,0.8105013,2.392109215,-0.3319263458251953,0.7559260725975037,-0.50048828125,-6.583159796,-1.100905358791351,-0.8161736399999999,-8.1426534938,0.797119140625
knob,patient,-0.2644565,-2.35778695,3.860715497,-0.140625,2.156982421875,0.4026374220848083,-2.250732421875,-2.20222564,1.1854782,-6.0489490176,-0.1767215728759765,0.6875953674316406,-0.40625,-0.5630988000000001,-0.8471880257129669,-1.0321030999999996,-6.13801654,0.53173828125
lady,agent,0.66244992,-1.8331565000000003,1.948954634,0.265625,2.2803955078125,1.0131101012229922,-0.75,-2.44383632,0.3570421699999999,8.453863987399998,0.6176709532737732,0.6689720153808594,-0.34375,-4.21376071,0.08815860748291,-1.43069476,-5.65527638,0.484375
lake,patient,-0.6685892,-2.2747427,2.36741573,-0.03125,1.656494140625,0.2235755324363707,-1.49951171875,-3.30605558,-0.2385636,-11.8821107672,0.0390396118164062,0.4324550628662109,-0.75,-7.468523075,-0.8982934951782227,-3.624365082,-2.9703512,0.0625
landscape,patient,0.11271977,-1.54246054,1.92318812,0.7890625,1.64111328125,0.806058943271637,-1.75048828125,-2.58461473,0.5193844,-7.3714527399,-0.0155887603759765,1.290789544582367,-0.46923828125,-6.358428883999999,-0.8211012482643127,-0.8274334999999999,-3.68991682,0.421875
letter,patient,-0.0460528399999999,-2.2522267,4.600284514,0.45263671875,2.281005859375,0.3660926818847655,-1.249755859375,-2.32078933,1.48705095,-0.8969919000000002,0.0835847854614257,0.96901136636734,-0.3125,-7.27008247,-0.180255889892578,1.6719561,-5.43536163,0.96875
line,patient,-0.1883658799999999,-1.95494946,2.462589216,0.53125,1.28125,0.3615093231201173,-1.5,-2.61015417,0.59109123,-5.071411134000001,-0.250988006591797,0.8541851341724396,-0.71875,-5.068487062,-0.3120803833007812,-0.2562208000000003,-5.43165321,0.59326171875
lotion,patient,0.26863307,-1.4595299000000002,3.498674753,0.09375,2.2646484375,1.0107307434082031,-1.750244140625,-2.74477938,1.09843452,-7.3342133435,-0.4212647080421448,0.5152692794799805,-0.125,-8.0496121931,-0.1222391128540039,-0.2889290599999999,-3.03556412,0.95263671875
lunchbox,patient,-0.2379188299999999,-2.2671995,2.27342359,-0.68798828125,1.15625,0.813545286655426,-1.7498779296875,-3.52266467,0.5667401000000001,-3.570312295,-0.4557189345359802,0.5028132796287537,-0.28125,-4.769061864,-0.9406261146068572,-1.60515409,-5.4966153040000005,1.109619140625
machine,agent,0.6757991300000001,-1.5130588,4.312772447,0.265625,1.40625,0.7378692626953125,-1.74951171875,-2.5993521,0.5546284,3.796392842,0.1141014099121092,1.0594672560691831,-0.21875,0.4695377999999999,-0.5476579666137695,-1.14356036,-6.839313879,0.28125
magazine,patient,0.2809315600000001,-1.27495566,4.581215481,0.1640625,1.515380859375,1.2754154801368711,-0.999755859375,-2.5034215100000003,1.21099652,-9.4239506179,0.1892738342285156,0.5023431777954102,-0.3125,-4.13818519,-0.3824911117553713,0.75277703,-7.080566153,0.57763671875
maid,agent,1.11982095,-0.5656603999999998,4.701412309999999,1.125,3.00048828125,1.3528235554695132,0.0,-2.6754037,0.4469071599999999,13.5528179794,0.45068359375,1.2162866592407229,0.3125,-2.91811847,0.1186008453369141,1.2604075,-0.9220822,0.578369140625
make,patient,1.28987927,-1.429055,2.55234253,0.17138671875,2.6708984375,0.2165126800537109,-1.250244140625,-2.51131721,1.08738705,11.12099439,0.0727577209472658,0.7124071717262268,-0.1875,-1.03186606,-0.5012074112892151,0.8170793000000001,-2.852814,0.34375
man,agent,0.8153331400000001,-1.5959664,2.73294406,0.51513671875,2.39111328125,0.7676287293434143,-1.00048828125,-1.9796228,0.54172536,15.55642302927,0.4525757431983948,0.9204387366771698,-0.09375,3.40859219,-0.4611168503761291,-2.5250567700000004,-3.67274463,0.328125
marble,patient,-0.4944766,-2.54512658,2.9775210600000004,-1.0,1.203125,0.1316361427307131,-2.4990234375,-2.9648418,0.55435377,-14.1237946338,-0.2530211806297302,0.3570146560668945,-0.96875,-7.751444589199999,-1.100209265947342,-0.5379441,-5.98129229,0.109375
mason,agent,1.60052979,-0.9670649,4.376756144000001,0.0,2.1881103515625,1.0911206007003786,-2.50048828125,-2.64676557,0.6724967599999999,14.6986915237,0.1240615844726561,1.20111945271492,-0.125,-2.863155102,-0.6736506819725037,-0.0450237999999998,-4.05267253,0.54736328125
material,patient,0.1733437,-0.9430027,3.098654835,0.34375,2.6103515625,1.279437959194183,-1.74951171875,-1.7557943000000005,0.49811934,-9.1143608896,0.1262426376342773,1.5990620255470276,-0.46923828125,-1.7329253,-0.1640577316284179,0.5523204000000002,-4.385674,0.26513671875
meat,patient,-0.5094032400000001,-2.04210282,2.590139344,-0.015625,2.0947265625,0.3409709930419924,-2.2503662109375,-2.5853662,0.5909557999999999,-3.677611685,-0.3264713287353515,0.7754907310009003,-0.375,-3.884052041,-0.9688292145729064,-2.16007144,-5.38591386,0.296875
mirror,patient,-0.14204923,-2.29459466,1.84297691,-0.515625,0.765625,0.1475257873535154,-1.9993896484375,-3.12069885,-0.3208942999999999,-7.0011578965,-0.3254966735839841,0.1786632537841797,-0.624755859375,-7.1097446758,-0.756986677646637,-0.97731364,-6.219354893,0.671875
model,patient,0.51528598,-1.2492686000000002,2.467274615,0.15673828125,1.202880859375,0.7320517301559448,-1.5,-2.2318571800000004,1.24913408,8.0583491955,-0.3887062072753906,0.5180521011352539,-0.4375,-4.944215675000001,-1.2117385864257812,3.3596405,-6.7718886000000005,0.328125
motorcycle,patient,0.1105159,-1.2869634,3.205475034,-0.125,1.140625,-0.2668013572692871,-1.249755859375,-2.77164831,1.31543346,5.1093140166,-0.4974555373191833,0.7046394348144531,-0.812255859375,-4.49985372,-0.9897956550121308,-0.8833656700000001,-6.82963449,0.515625
motorist,agent,0.77027317,-1.3334226,3.999858933,0.765625,1.953369140625,0.2766389846801761,-0.75048828125,-2.18553158,1.0124741,15.3953011215,-0.3248767852783203,1.1134777665138245,-0.28125,2.4067885,-0.5296897888183596,0.616214,-3.2912258,-0.34375
mountain,patient,-0.2449881,-2.18899335,1.72287559,-0.28125,1.70263671875,0.1749371886253357,-2.5006103515625,-2.95667248,0.3865165699999999,-6.972437455400001,-0.2930832505226135,0.6936645507812498,-0.843505859375,-2.883983666,-1.078803986310959,-2.467910944,-6.432167432,-0.28125
mover,agent,0.8345640700000001,-1.23801126,3.203191455,1.249755859375,1.42236328125,1.069241464138031,-0.999755859375,-1.97086516,0.7906017,14.5204022937,-0.2202014923095703,1.760533332824707,-1.09423828125,3.875605334,-0.167266845703125,1.4144905000000003,-2.8557445,-0.375
mushroom,patient,-0.7261972000000001,-2.27839916,2.582485075,-0.15625,1.28173828125,0.1434545516967773,-2.75042724609375,-3.04920483,0.5634773000000001,-12.0870417814,0.0740032196044921,0.7134265303611755,-1.21875,-5.1977758454,-1.0925235450267792,-0.0696831,-7.775685682,0.234375
musician,agent,1.05422165,-0.8383274,4.886856029,-0.328125,2.828125,1.47714364528656,-1.750732421875,-2.77928618,0.7488402000000001,16.9098437658,-0.2349185943603515,1.1830176711082458,-0.718994140625,-1.25858505,-0.5256748199462891,-0.4386519999999998,-4.5931938,1.000244140625
narrator,agent,1.75325196,-1.5558941,5.314707255,0.93701171875,1.640625,2.5206299424171448,-0.5,-2.7066030000000003,0.7693460999999999,13.1636677293,0.3069515228271483,1.098684310913086,-0.46875,1.1604583999999996,0.387526512145996,4.670961,-0.6684239999999999,0.78125
notetaker,agent,1.5800777,-1.7370989300000002,4.142553374,0.4375,1.6884765625,0.9239920973777772,-1.250244140625,-2.86799305,1.0296763000000002,12.2354080638,-0.3700766563415527,0.9838714301586152,-0.56298828125,-2.0831707,0.4702873229980469,4.4588292,-5.36831893,1.09375
novel,patient,0.4475485499999999,-1.36206423,4.82768394,0.828125,1.546875,0.4637527465820312,0.0,-2.2695045300000003,1.6377333,-8.451531433200001,0.1969470977783202,0.8728532493114471,-0.34375,-2.6679849,0.0449991226196289,1.5989044,-5.51322375,0.90625
novelist,agent,1.46699937,-0.9868489,6.096135363999999,0.93798828125,2.3447265625,2.757591307163238,-0.24951171875,-2.0660343,1.1128806,15.8483336348,1.008915901184082,1.1405582427978516,-0.34375,-0.4999225000000002,0.6975259780883789,2.031186,-2.857208,1.203125
orator,agent,1.1829972,-1.7102509999999995,6.063881915,0.046875,2.7806396484375,1.4684409499168396,-0.75048828125,-1.5818203999999998,0.7269439000000001,16.6100750238,0.0228395462036133,1.4556702971458435,0.0,0.7880915000000002,0.938650131225586,3.1716056,-4.1683097,0.296875
packaging,patient,0.5182747000000001,-1.67771236,3.28172596,-0.015625,1.937744140625,0.2793197631835937,-1.500244140625,-2.890552,1.37056542,-8.0995093883,-0.5606417059898376,0.7233476936817169,-0.5,-1.7547399000000006,-1.133265495300293,0.78741146,-5.824227280000001,0.45361328125
painter,agent,1.24319458,-1.34716877,4.218689319999999,0.43701171875,1.67138671875,1.053065538406372,-1.249755859375,-2.8073376,0.2721176,16.5784296958,-0.2316598892211914,0.6550664901733401,-0.34375,-2.846740993,-1.2070760130882263,-2.1397562,-5.05250748,0.46826171875
panel,patient,0.3060711,-2.20185765,3.66831031,-0.1875,0.75048828125,0.5431079864501953,-2.2490234375,-2.37794296,0.69146534,-6.9082790783000005,-0.3293526768684387,0.5833157896995544,-0.28125,-2.10929483,-0.911048859357834,0.1390685999999998,-6.340308500000001,0.593994140625
paper,patient,0.02239025,-1.54603617,3.933754258,-0.3125,1.31201171875,0.4317684173583984,-2.0,-2.93984213,1.0707015,-12.8247518563,-0.0049972534179687,1.044004499912262,-0.78125,-5.787889807,-0.8915519118309021,0.7840652000000001,-6.12262535,0.702880859375
passage,patient,0.3424299899999999,-1.83818535,3.16510931,0.96826171875,1.23388671875,0.3939915299415588,-1.5,-2.90838045,0.15325159,-7.5361707956,0.1376611590385437,0.9396457076072696,-0.687255859375,-4.19554627,-0.8340520858764648,-0.5057976000000002,-2.3584442,0.078125
pastry,patient,0.0855641999999999,-2.50517834,1.18253246,-0.046875,1.15625,0.397653579711914,-2.5006103515625,-3.3688133700000003,0.3786087,-12.3572026617,-0.1291828155517578,0.4364814758300783,-0.40625,-8.9735027325,-0.3937796950340271,-1.801964,-7.627946281,0.48486328125
patissier,agent,1.7027374199999998,-1.17600446,4.666891500999999,-0.21875,1.328369140625,0.8932152390480044,-2.0,-3.2313486,0.0750159499999999,15.0113603746,-0.0350246429443359,0.3261451721191406,-0.53125,-7.0940091375,-0.8872537612915037,0.0338783,-3.7816262,0.125
pattern,patient,0.1924057,-1.83042978,3.947464154,-0.171875,0.375,0.1626319885253906,-2.00048828125,-3.0941122,0.9963053,-9.2800076714,-0.2232737541198729,0.7531404197216034,-0.4375,-6.3757987075,-1.3728084862232208,1.552315,-7.029028200000001,0.328125
peddler,agent,0.96092588,-1.06736764,5.043743749,0.28125,2.3433837890625,1.4286690354347225,-1.500244140625,-2.2855415,0.54038806,16.2186810115,0.2988882064819336,1.3832521736621857,-0.625,2.16111447,0.5786933898925781,-1.8491173,-5.5068636,0.125
pepper,patient,-0.44200603,-1.56962404,2.5528787,0.45263671875,1.01513671875,-0.1020584106445312,-1.50048828125,-2.8479118800000003,0.8047141500000001,-10.5935913723,-0.3713341355323791,0.8177041709423065,-0.74951171875,-6.0934370714,-0.6443614363670349,-0.4910187299999999,-6.490926084,0.718505859375
person,agent,0.7093522,-1.1914272,2.14798329,0.359375,2.28125,1.2918644547462463,-0.5,-1.6870870999999998,0.6147118500000001,15.6284276322,0.7625699043273926,1.0908031165599823,-0.125,4.049955300000001,-0.4484691619873047,-1.198233,-1.5642316,0.453125
photographer,agent,1.50373354,-1.5103131000000003,4.2647926830000005,-0.078125,1.07763671875,2.0298351645469666,-1.24951171875,-3.14127103,0.37583,16.28535631123,0.1412725448608398,0.5994787216186526,-0.74951171875,-1.96717252,-0.8484334945678711,-0.6187746999999999,-5.20882941,0.53173828125
pianist,agent,1.0404828,-1.3872643000000002,6.9041916383,-0.46875,1.453369140625,1.2890944480895994,-1.999267578125,-3.06293067,0.94883137,14.2055684827,-0.2531890869140625,1.2168417274951937,-0.562255859375,-2.0041895000000003,-0.5582056045532227,0.8517667,-6.158884759999999,0.765869140625
piano,patient,0.10622686,-1.70966892,4.00362615,-1.015869140625,0.84375,0.3921027183532715,-2.5001220703125,-3.53179728,0.7464142,-9.9788777758,-0.409995973110199,0.7714128494262698,-0.40625,-4.8455716220000005,-1.085527420043945,0.3008097999999999,-6.819793444,0.765625
pie,patient,-0.1495172599999999,-1.93943597,1.9583922,0.03125,1.46826171875,0.0583925247192382,-1.75048828125,-3.49232591,0.51152794,-12.9750110184,-0.2298297882080077,0.2304611206054687,-0.59375,-10.2364574214,-0.7670231461524963,-1.25665085,-6.316010606,0.64013671875
pilot,agent,1.38892087,-1.2027101,6.5348987275,2.046875,2.79638671875,0.5518569946289058,-1.0,-2.35175414,0.98088457,18.882984148,-0.6613064408302307,0.8005952835083008,-0.562744140625,2.4854641,-0.3564339280128479,-1.7685831000000003,-3.807097,0.09375
pizza,patient,-0.77966683,-1.5448505,1.36796677,-0.390625,1.437255859375,0.3097667694091797,-2.000732421875,-3.12888996,0.3935278,-3.4020479926,-0.3038941025733948,0.5513343214988708,-0.531494140625,-6.9977015457,-0.8286591172218323,-1.7910939600000002,-5.53264433,0.593994140625
plane,patient,0.25635511,-1.4571456,3.529711257,1.234130859375,2.20263671875,0.7868289947509766,-1.49951171875,-2.50829593,0.70137583,11.0610840756,-0.4249171614646911,0.6204529404640198,-0.62451171875,-0.9212855599999998,-1.0876769423484802,-2.1117019,-5.895188259,-0.015625
poem,patient,0.7557902000000001,-2.0561149800000003,3.993967315,-0.09375,1.78076171875,0.7651844024658205,-1.50048828125,-3.60056861,1.031721,-1.5482434,0.0312423706054687,1.067913055419922,-0.34375,-8.1661994,-0.1223793029785156,2.3880844,-5.848357565,0.953369140625
poet,agent,1.16574015,-1.4572256,3.631579599,0.36767578125,2.0146484375,1.2498369812965393,-1.499755859375,-2.9168614,0.8491782999999999,16.7418534292,0.3105283379554751,1.1749286949634552,-0.40625,-1.5154904,0.3705130219459533,1.1892777,-4.971414599999999,0.609375
portraitist,agent,1.37125392,-1.56355486,4.727137442,0.03125,1.797119140625,1.564357876777649,-1.000244140625,-2.55560865,0.1050091,12.3124906875,0.1250184774398803,0.5751486420631409,-0.4375,-2.69577602,-0.6985511779785156,-0.7761612999999999,-5.631435799999999,0.265625
pot,patient,-0.0672837,-1.4841862000000003,3.1033131,-0.421875,0.5625,0.0161647796630859,-1.7501220703125,-3.1665437900000004,0.6497172000000001,-10.41175325,-0.4690894484519956,0.7466659545898438,-0.625,-4.928327328,-0.8667106330394747,-1.5493164,-5.894198904,-0.1875
potato,patient,-0.7879181500000001,-2.38302227,1.7117669599999998,-0.296875,0.140625,0.2514247298240661,-2.49951171875,-3.20765572,0.0130405999999999,-15.7025522615,-0.1883926391601562,0.4262303709983825,-0.75,-5.997999661,-0.9939136505126956,-1.52906,-7.47411295,0.078125
potter,agent,1.30423538,-1.53228007,3.336183618,-0.34375,0.828369140625,0.5802783966064453,-1.7503662109375,-3.17760962,0.749115,15.6628614217,-0.0476284027099609,1.0791730880737305,-0.59375,-2.926071276,-0.5367612838745117,0.1924846000000002,-4.8808401,0.234375
product,patient,0.479248,-0.3925531,4.6292938305,0.5,2.73388671875,1.597244381904602,-0.9990234375,-2.01088237,0.8741837499999999,-0.79697818,0.2128906846046445,1.2421140670776367,-0.125,-2.2414444,0.5088720917701721,0.1026532,-4.8846375,0.20361328125
professor,agent,1.30934898,-1.55093387,7.125169799,-0.3828125,2.15576171875,1.1007937192916868,-1.0,-1.51194386,1.0164928,16.8580398844,0.1890744566917419,1.1216086745262146,-0.40673828125,4.64498612,-0.095039367675781,3.0392971,-4.0002683,0.359375
proposal,patient,0.74775517,-1.86375048,5.427806091,0.0703125,2.56201171875,0.6630191206932068,-0.25,-2.60940541,0.6215115000000001,6.9779207343,0.0216865539550781,0.4237585067749021,-0.28125,-7.8921179756,0.0007266998291014,2.1004868,-4.97884846,0.54638671875
pumpkin,patient,-0.2239493999999999,-2.96200828,0.63744592,-0.92236328125,-0.43798828125,-0.1162092685699464,-2.2508544921875,-3.690914844,-0.1397094299999999,-14.8436714311,-0.1829071044921876,0.3004522323608399,-0.81201171875,-10.1663960165,-1.0322923958301542,-4.099999942,-8.208738843,-0.28125
quilt,patient,-0.3168873999999999,-2.67701232,1.87305648,-0.390625,0.5625,0.4460468292236328,-1.9998779296875,-3.1946181,0.36112787,-13.5436086258,-0.1160297393798828,0.6087769865989685,-0.28125,-7.424883368800001,-0.3592872619628907,-3.125522,-8.6276042,0.593505859375
racer,agent,0.7158839800000001,-1.1857911,3.2955578400000003,-0.015625,2.59375,1.0907859206199646,-1.499755859375,-2.77165863,1.4471854,18.8532505679,-0.3741254806518554,0.9702186584472656,-0.71875,-3.792962874,-0.6053152084350586,-0.7821008,-6.924905952,0.65576171875
report,patient,0.4926757500000001,-2.1119615,5.3297991926,0.23388671875,2.04638671875,0.9198112487792972,-0.75048828125,-1.6742438300000002,0.8557128700000001,-0.9915327,0.0272557735443114,0.6957759857177734,-0.1875,-2.65958392,0.3018130660057068,3.01137408,-3.4619614000000003,0.74951171875
roadtripper,agent,0.4361739000000001,-0.8907233999999999,1.4107913200000002,0.85888671875,2.0155029296875,0.9069385528564452,-0.999755859375,-2.5752277,0.66952516,14.327414043,-0.1990361213684082,1.1048994660377502,-0.375,-1.95613661,-0.3456068634986877,0.6599655000000001,-3.6903317,0.59326171875
routine,patient,0.59208175,-2.1318597,2.866313704,0.3212890625,1.03076171875,0.5795974731445312,-1.75,-2.22584343,0.5510102000000001,-3.72061633,-0.1793785095214844,0.6634292602539062,-1.24951171875,-3.31889057,-0.6274499297142029,-0.0633946,-4.3311150000000005,0.3125
salesman,agent,1.40618648,-0.4527329,8.621058533000001,1.8212890625,3.34332275390625,2.552651882171631,0.50048828125,-0.8524856000000001,1.2559851,18.1265429059,0.8223628401756287,1.4343280792236328,0.875244140625,4.283759610000001,0.8714867234230042,2.5633644,-3.75251748,0.51611328125
saleswoman,agent,1.6939277700000002,-0.2257792,7.376411377699999,1.61669921875,3.21795654296875,1.927288174629212,0.5,-0.9787444,1.05632024,15.9423710876,0.7821474075317383,1.2370147705078125,0.96875,-1.06895834,0.4706773161888122,3.3791246,-3.5748002000000003,0.890380859375
salmon,patient,-0.4068999599999999,-2.117178,2.323022315,-0.265625,1.20361328125,0.1805810928344726,-2.25048828125,-2.946789696,0.95989795,-2.381627435,-0.0924110412597656,0.2438993453979492,-0.624755859375,-10.79404055614,-0.7552709579467773,-1.86261267,-5.489298496,0.515625
scene,patient,0.55882744,-1.63792036,4.015559672,0.8359375,1.75048828125,0.31524658203125,-1.00048828125,-2.34767343,0.75955956,-8.45937914,-0.3598785400390625,0.5412988662719727,0.28125,-3.82038013,-1.2996769547462463,0.4823282999999998,-2.84817144,0.421875
screw,patient,0.3457795,-1.66248224,4.545847222,-0.15625,1.8427734375,0.7459335923194885,-1.7498779296875,-1.85713197,1.30786507,2.088367306,-0.3869000077247617,0.2830743789672851,-0.78125,5.3646857,-1.0552978515625,0.2707108,-6.907511266,0.640625
scribe,agent,1.58323952,-1.3622436,3.804912716,0.140625,1.781005859375,0.7555665373802187,-1.25,-1.2428264000000002,0.5099373,13.3114220911,0.2250876426696777,1.1309060752391813,-0.25,0.98383624,0.6951246261596682,0.6690541000000003,-3.7025204,1.000244140625
script,patient,0.31122604,-2.12848192,3.618564306,-0.046875,1.546875,1.090202212333679,-0.50048828125,-2.29808235,1.08437536,-4.215491721,0.2749910950660705,0.6750078797340393,-0.3125,-4.272676208,0.0567665100097655,3.7905060000000006,-5.7801563,0.48388671875
sculptor,agent,1.56723019,-1.4719365,5.8723916373,-0.44482421875,1.484619140625,0.8385305404663085,-2.2493896484375,-2.26790046,0.1082935999999999,14.8180614511,-0.6278542876243591,0.639155387878418,-0.56201171875,0.47542375,-0.8349428176879883,-1.5071354,-6.36369824,0.453125
seamster,agent,1.74465535,-1.4714481399999997,2.57412618,0.03076171875,1.656494140625,1.3189773559570312,-1.000244140625,-1.95074843,0.81893166,14.9393004335,-0.1372642517089844,0.7761049270629883,-0.125,-2.995202886,0.3414477705955505,0.2222900999999999,-4.2521162,0.90625
seamstress,agent,1.80485306,-1.55317296,3.69907836,0.0859375,1.858642578125,1.7153807878494265,-1.250244140625,-2.2832204000000003,0.87304304,13.4316541687,-0.1019535064697265,0.7706384658813477,-0.28125,-2.97046638,-0.3166123032569885,1.0097465,-6.0015234,1.14111328125
section,patient,0.2925530500000001,-2.039502,2.892618967,0.3359375,1.703857421875,0.3127003312110901,-1.75048828125,-2.03286832,0.5907211000000001,-4.664336130000001,0.1352651119232176,0.2316837310791014,0.3125,-2.9891475830000003,-1.0157375633716583,-0.0377285,-4.586348299999999,0.484375
shirt,patient,-0.01993283,-1.67341808,2.41277723,-0.078125,1.42236328125,0.7159900665283203,-1.750732421875,-2.77845057,0.96714775,-10.3521648497,0.0436649322509765,0.5490083694458008,-0.09375,-4.9373264524,-0.430849075317383,-1.4318353,-5.134581283,1.328125
shopkeeper,agent,1.47541819,-0.96348083,6.0442261636,0.48486328125,2.5313720703125,1.5823462009429932,-1.0,-2.5364911,0.68083565,15.2036133634,0.3985004425048826,1.1109161376953125,0.0625,-1.66423215,0.2667455077171325,1.0075665000000005,-4.86314926,-0.0625
sideburn,patient,0.3380231499999999,-2.24077976,2.350885926,-0.140625,0.921875,0.0674419999122619,-2.49951171875,-2.54903302,0.4012775999999999,-3.32957798,-0.6682901382446289,0.6173563599586487,-1.0625,-7.1865133428000005,-1.1804247200489044,-2.49592968,-8.258806724,1.468505859375
silk,patient,0.24612039,-1.7564917400000002,4.758851084,-0.53173828125,0.79638671875,0.5673361420631409,-1.75,-2.77172339,1.0299168,-11.8119210476,0.1091728210449219,0.8926305770874023,-0.4375,-6.4320315438,-0.3319635391235351,1.1375293000000002,-5.016859645,0.546875
silverware,patient,0.1563263999999999,-2.0442657200000003,3.018445062,-0.64111328125,0.968505859375,0.7671204209327698,-1.99951171875,-3.68492511,0.58069215,-6.6269977445,-0.2906837463378906,0.9813862144947052,-0.593505859375,-6.0229313345,-0.933904618024826,-3.285841718,-5.799294073,0.67236328125
singer,agent,0.99664745,-1.01608946,5.6437639805,0.265625,2.766357421875,2.003342509269714,-1.0,-2.6114462,1.31310833,17.187747139699997,-0.0136642456054686,1.232838660478592,-0.125,-2.1064156,0.0359668731689453,1.5370436,-3.5389802999999995,1.26611328125
snack,patient,0.0562593599999999,-1.81698508,2.4626794,0.109375,2.015380859375,0.761585235595703,-2.25,-2.6786619,0.2505417999999999,-4.58323,-0.1704921722412109,0.868678092956543,-0.40625,-6.5423482004,-0.5982170104980469,-2.2728057,-6.859823878,0.796875
soloist,agent,1.24304075,-1.3950872999999997,7.664664908,0.328125,1.9375,1.2445868253707886,-1.500244140625,-1.97186657,1.5194739999999998,12.5861719155,0.0594740509986877,1.4255533814430237,-0.4375,-1.1793996,0.0017967224121093,1.8817987,-2.0562003000000004,1.171630859375
sonata,patient,0.83555443,-1.9076775,5.7257191814,-0.09375,1.8740234375,0.062774658203125,-1.99951171875,-3.12945347,0.4399185000000001,-6.6000695524,-0.305183470249176,0.3625355362892151,-0.59423828125,-4.149198167,-0.4760913848876951,0.2444218,-6.0726843,1.125
song,patient,0.4997642999999999,-1.6389198,5.399982935,0.015625,2.5947265625,1.047954559326172,-1.5,-3.41028873,0.5805836000000001,1.26619053,-0.3858775496482849,0.6768847107887268,-0.3125,-7.6435897,-0.4503192901611328,0.9934784999999996,-6.390790194,1.609375
steak,patient,-0.8343009800000001,-2.55602673,2.5666065,-0.453125,1.9835205078125,0.3857803344726562,-1.999267578125,-2.84323286,0.6588840599999999,-2.118500616,-0.2921047210693359,0.7486171722412109,-0.40625,-6.436307031499999,-0.797175407409668,-2.29508206,-5.60067272,0.328125
stone,patient,-0.70800603,-2.6286218,2.0866692600000003,-0.484375,0.93798828125,-0.1326770782470701,-2.250244140625,-2.78087029,0.19003689,-11.3691783327,-0.2859096527099607,0.9928636252880096,-0.937744140625,-4.797371424,-0.8066110610961912,-1.75145909,-7.0727687050000005,0.359375
stubble,patient,-0.22042855,-2.26927264,1.35806561,0.3125,0.9375,0.2668323516845704,-2.00048828125,-2.83065777,1.03832245,-4.09180443,-0.3402004241943361,1.0393600761890411,-0.53076171875,-5.04083718,-0.6832685768604279,-0.9460601000000002,-6.41645432,0.82861328125
student,agent,0.9217311,-1.67254826,4.305199944,0.203125,2.54736328125,1.2617329359054563,-1.25,-1.8429708,1.2559738,10.69058148897,0.6538048386573792,1.0948076248168943,-0.03125,-0.1117536000000001,0.2109575867652895,0.4910396000000001,-3.65765444,0.984375
suitcase,patient,-0.62629848,-0.99291995,2.464812224,0.390625,1.40576171875,0.5814114212989809,-1.7509765625,-3.5376336800000003,1.07750515,-0.4678158999999999,-0.3962497711181638,0.6305646896362305,0.0625,-2.760248226,-1.3447237014770508,-1.46445843,-4.23423476,0.85888671875
surface,patient,-0.5394247400000001,-0.8992257000000001,2.72018019,-0.125,1.2041015625,0.6915931105613708,-2.24951171875,-1.71678425,0.14875785,-9.3334664828,-0.2089343070983889,1.0643558502197266,-0.999755859375,-1.97066869,-0.7200708985328674,-1.2117558000000002,-4.8452438,-0.015625
surgeon,agent,2.2820141,-3.00771491,6.215341545299999,-0.64013671875,0.59326171875,0.5594727993011475,-2.2493896484375,-2.3194360200000004,0.0277138,16.0505249813,0.2315883040428161,0.6248855590820312,-0.46875,0.5487491000000001,-1.1224679946899414,-0.8988989399999999,-8.10459431,-0.140625
suv,patient,0.494896,-0.2871504,4.87972751,0.9140625,0.84423828125,0.074899673461914,-1.0,-2.33097716,1.15114588,-2.265790096,-0.9735294580459596,0.3298673629760742,-0.937255859375,-2.71094477,-1.4076652824878693,-1.66833318,-5.035378079999999,-0.140625
tailor,agent,1.63033218,-1.2310859400000005,2.27186856,-0.109375,1.749755859375,1.7780056595802307,-1.749755859375,-1.87764166,0.6713866000000001,15.614674344,0.0868530273437501,0.9081211090087892,-0.3125,-1.9469786,-0.0533437728881835,1.3909385000000003,-4.898021,0.390625
tank,patient,0.1400375499999999,-1.57749375,5.061740458,0.046875,1.312255859375,0.4137363433837889,-1.499755859375,-3.01869115,0.2792625999999999,-0.6391371000000001,-0.508091926574707,0.3478403091430664,-0.5625,-4.05595201,-1.1378803849220276,-1.71765906,-3.79475317,0.171875
teacher,agent,1.582421,-1.49417698,7.6863090106,0.09375,2.5152587890625,1.334354400634766,-0.49951171875,-2.37218,0.73733886,17.173713236199998,0.7969151139259338,1.2797555923461914,0.0,1.38220023,0.2874879837036134,2.2946644,-4.06152044,0.8125
telemarketer,agent,0.5415582200000001,-1.2132339,5.3113311686,0.937255859375,2.32861328125,1.6052876710891724,-0.999755859375,-2.01198282,1.17867665,13.7344864249,0.0044984817504882,1.2229710221290588,0.03125,0.18162827,0.3267450332641601,3.8772751,-7.155131937,-0.109375
tent,patient,-0.30982847,-2.41382206,2.29415813,0.171875,1.796630859375,0.0757369995117185,-1.9991455078125,-2.70273954,0.44446375,-11.2425764401,-0.4647989273071287,0.4081726074218749,-0.0625,-3.483631065,-0.9287109076976776,-1.58603016,-5.201456885,0.109375
thread,patient,0.10366428,-2.06215273,3.49033075,0.09375,1.3125,0.912853181362152,-2.2493896484375,-2.83306679,1.09556765,-4.9455377866,0.1812391281127929,0.6677102446556094,-0.812255859375,-6.798392949,-0.4713526368141174,-1.2252235699999998,-5.710825546,0.749755859375
toy,patient,-0.0536343,-2.55350782,2.37541953,0.26611328125,1.281494140625,0.3986282348632812,-2.000732421875,-2.87745554,0.90381055,-9.7373879066,-0.4460868835449219,0.7792683243751524,-0.875,-7.096981766,-1.359353095293045,-1.447563,-7.501250864,0.609375
tractor,patient,0.3969115,-1.5525085499999998,3.438025917,0.4375,1.656982421875,0.2512874603271483,-1.5,-2.7168426,0.7254333400000001,11.1573646234,-0.4116801619529724,1.0593252480030062,-0.34375,1.7620962,-0.6691827774047852,-1.2706737499999998,-4.30431167,0.656494140625
trader,agent,1.32383853,-0.1970453000000001,4.441762603,1.671875,3.31201171875,2.3947383761405945,0.0,-1.1697978999999998,0.7551556000000001,18.6149454922,0.6224040985107422,1.7612294852733612,0.03125,3.96168533,0.4847306609153747,0.9876784999999996,-3.0428552,0.546875
traveller,agent,0.3485602699999999,-0.99481275,1.9561355,1.078369140625,2.32763671875,1.2572078704833989,-1.0,-1.64150535,0.8251934499999999,14.6652184591,0.4883566498756408,1.3074522018432615,0.0,1.22255978,0.2359390258789062,-0.4122945,-2.2476282,0.49951171875
truck,patient,0.32101596,-1.05389,4.9062840925,0.24951171875,1.797607421875,0.3729496002197265,-0.999755859375,-3.2792569,0.6216448,13.634452934,-0.3153038024902344,0.6512107849121094,-0.4375,-0.16027364,-0.7186546325683594,-2.21833403,-4.60122934,0.203125
tub,patient,-0.2251551,-2.3975344,1.53132752,-0.34375,0.203125,-0.3508644104003906,-2.74981689453125,-2.8856112,0.1670950999999999,-13.3812502122,-0.128915786743164,0.3597040176391601,-0.593994140625,-3.780078813,-0.8666687607765198,-2.55843354,-5.03644358,0.203125
tuna,patient,-0.43490606,-2.6118278900000003,2.04960552,-0.53125,1.3125,0.3340482115745542,-2.49951171875,-2.77817994,0.4971886499999999,-6.0975425713,-0.2567462921142578,0.1292610168457031,-0.96875,-6.757008427,-1.1562499999999998,-1.72723675,-5.93411165,0.34375
turkey,patient,-0.37377585,-2.41804509,1.283535,-0.09375,2.5147705078125,-0.0306472778320312,-2.2493896484375,-3.08510413,0.8681220300000001,-2.40255809,-0.2359256744384764,0.5784024596214294,-0.1875,-6.2545146058,-0.8849048614501953,-2.4928014700000003,-5.384775262,0.34375
upholsterer,agent,1.36536414,-0.4660691,4.008176435,0.26611328125,2.3277587890625,0.8835945725440979,-1.249755859375,-1.4096783,0.9917715,11.7445141889,-0.0900778770446776,1.4074640274047852,-0.03125,4.5526434,-0.5063400268554688,1.8721449,-3.1537153,0.140625
valve,patient,0.5197917000000001,-2.11598505,4.832409706999999,0.0,1.10888671875,-0.2642173767089844,-1.9991455078125,-2.44515783,1.03650487,-0.1822723299999999,-0.2125682830810547,0.2897911071777344,-0.906494140625,0.3236245,-0.9467420876026154,-0.82282037,-6.764961443,0.296875
van,patient,0.2147877600000001,-1.2726260500000002,5.1558818136,0.60888671875,1.969482421875,-0.0750694274902343,-0.25048828125,-2.06216058,1.0136241,-4.490823411,-0.2649459838867185,0.8908205032348633,-0.375,0.92003633,-1.1928977966308594,-1.1239301,-5.74695,0.09375
vegetable,patient,-0.11788184,-2.0797167,1.3810574299999998,0.0625,1.265380859375,0.4316349029541015,-1.7509765625,-2.74047647,0.2790050599999999,-10.600334939,0.1667633056640625,0.8964566588401794,-1.218994140625,-6.27390754,-0.6275777220726013,-1.7629623,-6.969572278,0.078125
vehicle,patient,0.7062398000000001,-1.0382213399999998,3.4548637,0.59423828125,2.172607421875,0.1954383850097656,-0.75,-2.57925382,0.3459757999999999,4.661947575999999,-0.5080261230468748,0.6715230941772463,-0.53125,1.1575136,-0.9670210480690002,-1.62316503,-4.886109233,0.09375
verse,patient,0.71863714,-2.1463363,3.4604491480000004,-0.2578125,1.29736328125,0.34149169921875,-0.75048828125,-2.99919504,1.3347014,0.0543803999999999,-0.2264155745506286,0.8796291053295135,-0.53125,-4.80228195,-0.3171491622924803,3.62875124,-5.86678239,0.703125
view,patient,-0.11129701,-2.1976145,3.082854357,0.68701171875,1.515625,0.6380119323730469,-1.000244140625,-2.02169794,0.5905361,-7.8491115297,0.0294703245162963,0.6190786361694338,-0.50048828125,-0.6344928500000001,-0.7401065826416013,1.0778818,-4.84744765,0.0625
violin,patient,-0.2604317,-1.8651781,4.91819968,-1.124755859375,1.4375,0.2028303146362304,-2.7496337890625,-3.54639514,0.7615261200000001,-5.06814807,-0.4918099045753477,0.6019430160522459,-0.65576171875,-8.48294009694,-1.0811490714550018,-1.2511274,-6.098878,1.00048828125
violinist,agent,0.70787946,-1.3785190000000005,6.3498311061,-0.83544921875,1.76513671875,1.0367431640625,-2.00048828125,-3.12198923,0.91089806,13.8543582838,-0.3694686889648437,0.843510627746582,-0.53076171875,-5.576335665,-0.8682956695556641,0.1868133999999999,-5.01007534,0.85888671875
waiter,agent,1.01487178,-1.4893934,5.792872022,-0.109375,1.45361328125,2.1044140458106995,-1.49951171875,-2.77997127,0.14131923,16.7978038175,0.4618462920188904,1.0569210350513458,-0.43798828125,1.0336778,-0.3115911483764648,-0.2205143,-2.5907779,-0.46826171875
waitress,agent,1.16017085,-1.82879195,5.090428936,-0.3125,1.6253662109375,2.0062366127967834,-1.250244140625,-2.98768321,0.5264436,17.0190422758,0.6315555572509766,0.8072624802589414,-0.40625,-2.40021972,0.2402868866920471,1.0342375,-4.3546953,0.0625
wall,patient,-0.4056352999999999,-2.2733145,4.112535221,-0.171875,1.90673828125,0.4857978820800781,-2.250732421875,-2.37508397,0.7734185,-7.9889595135,-0.2392501831054687,0.6296395659446716,-0.656005859375,-0.1660651999999998,-0.77873894572258,-0.5936727999999999,-5.7275712,0.265625
window,patient,0.2268943399999999,-1.54643826,4.35942931,0.28125,1.703125,0.6469783186912539,-1.9996337890625,-2.31405146,0.6836376,-8.668022901799999,-0.1013984680175782,0.7068691849708557,-0.3125,-3.1631249560000003,-1.3119230866432192,-1.623335,-4.92222998,0.453125
windshield,patient,-0.0808225,-1.82815834,2.471885674,0.43798828125,1.59375,-0.0577535629272459,-2.0008544921875,-2.63945544,0.6504019999999999,-9.2966014182,-0.4097824096679687,0.5583056807518005,-0.59423828125,-3.85832382,-0.993886947631836,0.5911409599999999,-4.569435838,1.03125
woman,agent,0.81411744,-1.81008517,2.308360116,0.0625,2.4366455078125,0.742518424987793,-1.250244140625,-2.6160477,0.4289740999999999,11.5973595918,0.7385807037353516,0.5173206329345703,0.0625,-5.1519366,-0.4486913084983825,-0.8209289,-4.61752486,0.5
wood,patient,-0.1238257299999999,-1.2889806,3.34601406,-0.68798828125,1.890869140625,0.0722007751464846,-2.2503662109375,-2.66159042,0.31319427,-9.5187525463,-0.0872325897216796,1.379598617553711,-0.812744140625,-5.5531346766,-0.9035625159740448,-3.17259315,-4.612469227,0.375
wool,patient,-0.6122265600000001,-1.4040307,3.07857236,-0.171875,1.9527587890625,0.5989799499511719,-1.50048828125,-2.61108695,1.33873563,-10.6101811503,-0.0616188049316406,1.2030506134033203,-0.28125,-8.3628215846,-0.6197366118431091,-0.7553360999999998,-4.03040162,1.04736328125
worker,agent,1.1016629,-0.4929084999999999,5.498028748,0.79736328125,2.9224853515625,0.806389272212982,-0.75,-1.85340012,1.18205646,17.2463646259,0.5861520767211914,1.3475065231323242,0.46875,4.879651994,0.7860680222511292,1.9388504,-2.72686158,0.921875
wound,patient,-0.1655628,-2.80196644,0.93371805,0.140625,2.093017578125,-0.4083481431007385,-2.2498779296875,-2.51174625,0.4617309999999999,-6.5387197515,0.2440547943115234,0.9009876251220704,-0.1875,-5.5137337,-0.7068071067333221,-1.07178698,-4.26082637,0.656005859375
yarn,patient,-0.10220421,-1.9738609,3.562866209,-0.328125,1.375244140625,0.9140166640281676,-1.499755859375,-3.05937682,1.37201317,-11.05011593,0.0243568420410156,1.084856033325195,-0.937744140625,-8.4439229054,-0.4562520980834961,-0.920434,-5.751012542,1.26611328125
